문예진,이상민,정수연,정승연,황의린,평균,표준편차,상품명,리뷰,index
2,,1,,,1.5,0.7071067812,아누아 어성초 77 수딩토너 기획세트 (350ml+40ml+화장솜60매),이거 제발 쓰지마세요 얼굴이 벌겋게 붉다못해 두드러기 처럼 일어나요.,1833
1,,1,,,1,0,아누아 어성초 77 수딩토너 기획세트 (350ml+40ml+화장솜60매),"워낙 유명한 토너라 구매했어요
 아직 트러블이 안 나서 효과는 잘 모르겠지만 유명한덴 이유가 있을거라 믿고 써요!!",1834
1,,1,,,1,0,아누아 어성초 77 수딩토너 기획세트 (350ml+40ml+화장솜60매),여름동안 피부가 아주 난리가 났는데 리뷰가 정말 좋은만큼 어성초...믿어보겠읍니다...😭,1835
1,,1,,,1,0,아누아 어성초 77 수딩토너 기획세트 (350ml+40ml+화장솜60매),좁쌀에 좋다길래 한번 사봅니다 대용량이라 엄청 오래 쓰겟네요 기대해봐요,1836
3,,3,,,3,0,아누아 어성초 77 수딩토너 기획세트 (350ml+40ml+화장솜60매),"같이온 패드가 너무너무 마음에 들어요! 그리고 이 스킨은 너무 가볍지도 않고 무겁지도 않고 그렇다고 수분이 부족한 건 전혀 아니라서 저처럼 수분부족형 지성인 분들은 더 마음에 드실 것 같아요! 
 팩처럼 좀 올려놓았다가 떼서 얼굴 찹찹 두드려주면 흡수도 잘되고 얼굴 땅김도 없이 수분도 채워주는데 얼굴 기름은 안생겨서 그 중간을 잘 알고 있는 제품인 것 같아요ㅜ!",1837
2,,2,,,2,0,아누아 어성초 77 수딩토너 기획세트 (350ml+40ml+화장솜60매),"지성피부에 좋고, 피부진정에 효과가 있습니다
 자극 없이 순해서 손이 갑니다",1838
1,,1,,,1,0,아누아 어성초 77 수딩토너 기획세트 (350ml+40ml+화장솜60매),"전에 쓰던거 다 떨어져서 사는데 역시나 좋아요
 그리고 미니어처랑 화장솜까지 줘서 좋아요 얼른 쟁겨놓길!",1839
1,,1,,,1,0,아누아 어성초 77 수딩토너 기획세트 (350ml+40ml+화장솜60매),순하고 좁쌀에 좋다고 해서 구매했는데 사진 보이는거처럼 찢어져서 왔네요..,1840
1,,1,,,1,0,아누아 어성초 77 수딩토너 기획세트 (350ml+40ml+화장솜60매),"마음에 드는 구성입니다
 전부터 궁금했는데
 할인 찬스 제대로네요 ㅎㅎ",1841
1,,1,,,1,0,아누아 어성초 77 수딩토너 기획세트 (350ml+40ml+화장솜60매),"수호가 썼다고해서 이 제품에 대해 알아봤었습니다.
 다른 사람들의 리뷰도 꼼꼼이본결과
 다들 만족해서 사용하고 있더라고요.
 그리고 무엇보다고 가격도 많이 비싼편도 아니고
 250ml사보고 좋으면 대용량 사려고했습니다.
 이렇게 용량크기도 업되고 사은품까지 준다니 안살수가 없었어요.
 너무 만족하며 잘 사용하고있습니다 ㅎㅎ",1842
1,,1,,,1,0,아누아 어성초 77 수딩토너 기획세트 (350ml+40ml+화장솜60매),닦토용도로 삿구여 향은 무향이예용 제형은 그냥 딱 토너예여 또사러 오께영,1843
1,,1,,,1,0,아누아 어성초 77 수딩토너 기획세트 (350ml+40ml+화장솜60매),패드 살까 토너 살까 고민하다가 토너로 샀어요. 아직 써보진 않았지만 진정에 좋다고 해서 구매했ㅇㅓ요,1844
3,,2,,,2.5,0.7071067812,아누아 어성초 77 수딩토너 기획세트 (350ml+40ml+화장솜60매),"아누아 사용하다가 다른 제품 써보자 싶어 다른 거 쓰다가 다시 돌아와버렸습니다 향이 있는 제품은 쫌 불편한데 저는 이 제품은 무향이고 자극감 하나 안 느껴졌습니다
 피부가 민감, 예민한 편인데 어성초 스킨은 저한테 딱 맞는 거 같아요 꾸준히 스킨케어하면서 더 좋은 결과 얻고 싶습니다",1845
2,,1,,,1.5,0.7071067812,아누아 어성초 77 수딩토너 기획세트 (350ml+40ml+화장솜60매),SNS에서 하도 광고가 떠서 쓰던 것도 다 썼겠다 속는셈치고 구매해봤어용! 용기 열고닫는 방식이 뚜껑을 돌려야해서 좀 번거롭긴 하지만 솜에 적셔서 피부정돈을 해주면 싹 흡수되고 촉촉해서 좋았어요! 아직 좁쌀에 대한 효과는 못 봤지만 꾸준히 쓰면 좋아질 것 같아요!,1846
2,,1,,,1.5,0.7071067812,아누아 어성초 77 수딩토너 기획세트 (350ml+40ml+화장솜60매),아누아 쓰고 좁쌀이 많이 진정돼서 두병 재구매합니다!~!,1847
2,,1,,,1.5,0.7071067812,아누아 어성초 77 수딩토너 기획세트 (350ml+40ml+화장솜60매),"너무 좋아요ㅎㅎㅎ
 아누아는 뜨기전부터 알고있고 쓰던 브랜드였는데 뜨고나서 올영에도 입점하니 쉽게 구할수있어서 좋네용ㅎㅎ
 효과는 말할것도 없습니다!!
 진정에 짱 좋아요!!! 촉촉하고요ㅎㅎ
 몇통째 쓰고있어요:) 이번에 할인기획 하길래 냉큼 샀어요! 여행갈때 쓰기 딱 좋겠네요ㅎㅎ",1848
2,,2,,,2,0,아누아 어성초 77 수딩토너 기획세트 (350ml+40ml+화장솜60매),"화해리뷰보다가 트러블 진정에 좋다고해서 어성초토너 사봤어요.
 트좋다이 뚫고 올라오지 못하고 안에서 곪는 피부타입인데 오자마자 같이 온 화장솜에 묻혀서 스킨팩 해줬습니다. 
 닦토보다는 스킨팩이 더 좋다고해서 해봤는데 웬걸... 그 담날 뾰루지난곳이 안아프고 쏘옥 까지는 아니여도 많이 진정됐어요!!
 2틀 연속 해주니깐 바로 진정돼서 너무 신기방기!!
 닦토보다는 스킨팩으로 하니 더 좋네용!!
 눈으로보이는 트러블이 아니여서 사진은 못 찍었지만 턱 주변에 만지면 땅땅했던 왕트러블이 말랑해지더니 없어졌어요ㅜ 너무좋음!",1849
3,,3,,,3,0,아누아 어성초 77 수딩토너 기획세트 (350ml+40ml+화장솜60매),"피부타입: 수부지, 트러블
 토너제형: 워터
 사용 용도: 저녁에 5분동안 스킨팩+닦토
 
 좁쌀여드름 진정에 좋다고 하길래 한번 구매해봤습니당 정말 좁쌀에는 효과가 너무 좋더라구요,, 좁쌀이 고민이신 분들에게는 추천합니다! 다만 화농성여드름 진정에는 효과가 거의 없었어용 ,, 그 점이 조금 아쉬웠고, 진정효과만 기대했었는데 피부결이 너무 좋아지더라구요 ! 의외인 점에 놀라서 만족하면서 잘쓰고 있습니당 가격도 할인받아서 샀더니 부담되지 않고 좋네용",1850
1,,1,,,1,0,아누아 어성초 77 수딩토너 기획세트 (350ml+40ml+화장솜60매),"유명한것 같아서 구매했어요. 실온에서 몇 번 사용하고 있는데 아직까진 큰 트러블은 없어요, 저에겐 사용후 트러블이 없는게 중요한 구매요소 인데 괜찮네요. 사은품으로 작은병과 화장솜도 잘 쓸께요. 차갑게도 써보려구요.",1851
3,,3,,,3,0,아누아 어성초 77 수딩토너 기획세트 (350ml+40ml+화장솜60매),가끔ㅇ 리뷰볼때 오히려 좁쌀이 올라온다는 분들을 봐서 지ㄴ짜 걱정 많이 했는데 다행히 트러블은 안 생기더라구요 근데 쓴지 얼마 안돼서 아직 좋다 이런건 모르겠고 제 피부가 진짜 예민 초촟ㅗ예민 피부라서 걱정했지만 다행히 제 피부에는 괜찮았다는거 이건 진짜 직접 써봐야지만 자기 피부에 맞는지 알 수 있을거 같아요 근데 물토너라서 엄청 촉촉하다? 이런건 잘 모르겠어요,1852
1,,1,,,1,0,아누아 어성초 77 수딩토너 기획세트 (350ml+40ml+화장솜60매),배송은 엄청 빠르고요 후기가 평이 좋고 금액도 비싸지 않아서 사봤는데 좋아요 산뜻하니 피부정돈이 잘 되는거같아요 좁쌀에 좋다고 하는데 그건 더 사용해봐야 알것같아요 일단 느낌은 좋습니당,1853
1,,1,,,1,0,아누아 어성초 77 수딩토너 기획세트 (350ml+40ml+화장솜60매),"흡토용으로 쓰니 자극 없이 순하고 왜 유명한 제품인지 알 것 같아요 ! 가벼운데 날리는 느낌 없어 만족합니다
 같이 온 화장솜도 퀄리티 대박..",1854
1,,1,,,1,0,아누아 어성초 77 수딩토너 기획세트 (350ml+40ml+화장솜60매),"어성초라인 좋아함
  아비브꺼 다 쓰고 사봤는데 좀 더 써봐야 효과를 알테지만 무난한 게 괜찮은 거 같네요",1855
3,,2,,,2.5,0.7071067812,아누아 어성초 77 수딩토너 기획세트 (350ml+40ml+화장솜60매),"이거 진짜 물건이네요,,, 빨리 사세요...! 고민은 배송을 늦출 뿐입니다....
 저는 극민감+지성+트러블남 개노답 피부지만 이거 사고 정말 많이 진정됐습니다,,,
 세안 후 닥토 한번 해주고 또 피부에 부담될까 봐 3일 정도 스킨팩만 20분 정도 했는데 붉은 기가 많이 가라앉았습니다!!! 추가로 바른 것도 없고요!! 스킨은 이걸로 정착할 것 같습니다:)
 
 +좁쌀에도 효과 좋은 것 같아요~!",1856
1,,1,,,1,0,아누아 어성초 77 수딩토너 기획세트 (350ml+40ml+화장솜60매),"부산 여행중 마침 토나가 다 떨어져 인터넷 서핑중 올리브영에서 행사를 딱 하길래 바로 겟 했어요! 평소에 ㅋ스는 제품인데 여행용 미니미도 옵션으로 주는 부분이라 아주 좋아서 구매했쥬 ㅎ 생각보다 빨리왔고 부산여행에서 딱 집으로 복귀하니깐 딱 와있도라구요 ! 아프로도 토너는 이것만 쓸꺼고, 다쓰면 올리브영에서 구매하도록 하겠습니다. 그러니까 행사도 이벤트도 많이많이 해주세용",1857
3,,2,,,2.5,0.7071067812,아누아 어성초 77 수딩토너 기획세트 (350ml+40ml+화장솜60매),여드름이 턱부분에만 나는데 점점 잠재워지는 것이 느껴집니다. 가격대가 있는편이라 할인가를 기다렸는데 잘산거 같아요. 다른 진정 토너는 건조함이 느껴진다면 이토너는 그런 부분에서 만족합니다! 복합성 피부에 좋아요,1858
1,,1,,,1,0,아누아 어성초 77 수딩토너 기획세트 (350ml+40ml+화장솜60매),"역시 믿고 보는 토너입니다!!
 다들 좋다고 하는데에는 다 이유가 있네요!!
 처음에 사용할 때는 그냥 토너네 하며 사용했는데 꾸준히 쓰니까 확실히 달라지네요
 토너를 솜에 묻혀서 팩처럼 하는거 추천해 드려요!",1859
2,,2,,,2,0,아누아 어성초 77 수딩토너 기획세트 (350ml+40ml+화장솜60매),이 전에는 싸이* 토너를 썼었는데 그건 정말 물같은 느낌이었다면 이것도 물 제형이긴 하지만 닦토를 하면 좀 더 부드러운 느낌이에요. 스킨팩용 솜과 작은 샘플이 있어서 좋습니다.,1860
1,,1,,,1,0,아누아 어성초 77 수딩토너 기획세트 (350ml+40ml+화장솜60매),"진정에 좋다고 해서 사봣어요 
 스킨팩 사용중입니다! 
 아직 몇일 사용하지않아서 효과는 잘 모르지만 
 특별히 트러블ㅇ 나거나 하지는 않는거갘아여",1861
2,,1,,,1.5,0.7071067812,아누아 어성초 77 수딩토너 기획세트 (350ml+40ml+화장솜60매),"벌써 3통째 쓰고 있는 아누아 어성초 토너! 
 처음쓰고 여드름 가라 앉고 잡티들도 가라 앉아서 그 이후에 완전 정착하고 잘 쓰고 있습니다😆",1862
2,,1,,,1.5,0.7071067812,아누아 어성초 77 수딩토너 기획세트 (350ml+40ml+화장솜60매),여름에 마스크를 쓰니까 피부가 아주 난리가 났어서 속는 셈치고 구입했는데 저는 너무너무 만족합니다!!! 사길 너무 잘했어요. 진작 구매할 껄 그랬어요!! 진정도 바로 되고 수분감도 나름 좋은 것 같아요!! 또 구매할거예요,1863
2,,1,,,1.5,0.7071067812,아누아 어성초 77 수딩토너 기획세트 (350ml+40ml+화장솜60매),아직 몇번 안써봐서 변화는 잘 모르겠지만 썼을 때 느낌은 물 제형이여서 끈적임도 없고 무거운 느낌도 들지 않아서 좋았어요! 스킨팩 하니까 좋더라고요!,1864
1,,1,,,1,0,아누아 어성초 77 수딩토너 기획세트 (350ml+40ml+화장솜60매),아직 많이 사용은 안해봤지만 진정에 좋다고해서 구매했습니다!!또 스킨팩할정도로 대용량이라는점이 너무 좋아요 ㅎㅎㅎㅎ 같이온 화장솜으로 스킨팩도 자주 하려구요 !!,1865
1,,1,,,1,0,아누아 어성초 77 수딩토너 기획세트 (350ml+40ml+화장솜60매),"건조할때 스킨팩하면 좋아요
 좁쌀은 완전히 사라지는건 아닌데 가라앉아요",1866
1,,1,,,1,0,아누아 어성초 77 수딩토너 기획세트 (350ml+40ml+화장솜60매),대용량에 할인할 때 기다렸다가 구매했습니다. 딱히 효과는 모르겠지만 잘 쓰려고 노력하는 중!,1867
1,,1,,,1,0,아누아 어성초 77 수딩토너 기획세트 (350ml+40ml+화장솜60매),배송이 좀 늦었어요 그래도 순하고좋아요 항상 쓰는 제품이에요,1868
1,,1,,,1,0,아누아 어성초 77 수딩토너 기획세트 (350ml+40ml+화장솜60매),"화장솜에 적셔 피부에 올려두면 금방 진정이 되는 것 같습니다
 아누아 어성초",1869
2,,3,,,2.5,0.7071067812,아누아 어성초 77 수딩토너 기획세트 (350ml+40ml+화장솜60매),거의 물같은 제형이고 향은 없고 자극도 없어서 좋아요 민감성피부인데 뭐 올라오지도 않았고 피부가 좀 좋아졌습니다 ! 남사친한테도 선물했는데 괜찮다고 하네요! 이 토너도 좋고 패드도 좋으니 한번씩 써보세요!,1870
2,,2,,,2,0,아누아 어성초 77 수딩토너 기획세트 (350ml+40ml+화장솜60매),정말 정말 순하고 닥토나 토너팩하기 좋아요 토너팩 하면 피부가 맨들맨들 해진 느낌이 나요 좁쌀이 사라지는 않았지만 서서히 좋아지는거ㅅ 같아요,1871
1,,1,,,1,0,아누아 어성초 77 수딩토너 기획세트 (350ml+40ml+화장솜60매),어성초 토너가 좁쌀 여드름에 좋다고 해서 구매해봤는데 화장솜이랑 같이 추가 ml도 증정해줘서 잘산거 같습니다 꾸준히 사용해봐야 겠습니다,1872
1,,1,,,1,0,아누아 어성초 77 수딩토너 기획세트 (350ml+40ml+화장솜60매),"동생꺼 몰래쓰다가 너무 좋아서 세일기간기다리다가 힘들어서 생일때 받음 쿠폰잇어서 그걸로 결지 했어요 ㅋㅋ
 솜만 따로사서 닦는 토너로 사용하고 잇어요 
 세수하고 나서 얼굴 정리하려구요 
 작은거 써보고 세일기간에 큰거 쟁여두겟어요ㅋㅋ",1873
2,,2,,,2,0,아누아 어성초 77 수딩토너 기획세트 (350ml+40ml+화장솜60매),여드름이 나기 시작하는 초등 딸래미가 잘 쓰고 있어요. 처음에는 효과가 있나 싶었는데 꾸준히 쓰니 확실히 피부가 깨끗해졌어요. 벌써 세번째 쓰고 있어요.,1874
1,,2,,,1.5,0.7071067812,아누아 어성초 77 수딩토너 기획세트 (350ml+40ml+화장솜60매),오!!! 아이돌님이 추천하셨다고 유명해서 구매했는데 정말절말 좋네요 ㅠㅠㅠㅠ 트러블도 가라앉규 정말 추천합니다,1875
2,,2,,,2,0,아누아 어성초 77 수딩토너 기획세트 (350ml+40ml+화장솜60매),아누아를 쓰고 나서 부터는 이 제품만 쓰게 됩니다!! 로션도 그렇고 토너도 그렇고 자극도 하나 없이 너무 잘 쓰고 있습니다 좁쌀 여드름도 많이 없어진 느낌입니다,1876
1,,1,,,1,0,아누아 어성초 77 수딩토너 기획세트 (350ml+40ml+화장솜60매),스킨팩과 찹토로 사용 하고 있어요 스킨팩할때 저만의 꿀팁은 평소 사용 하는 앰플을 먼저 도포 후 그위에 올려주는 거에요 꼭 앰플이 아니여도 괜찮아요 토너를 찹토로 피부에 먹여준후 사용 해도 좋아요 팩을 할때는 피부가 촉촉하게 한후 팩을 해줘야 좋다는거 아신가요? 피부가 촉촉하면 팩의 유효 성분이 더욱 쉽게 피부속에 들어갈 수 있다니 참고 하시길~^^,1877
1,,1,,,1,0,아누아 어성초 77 수딩토너 기획세트 (350ml+40ml+화장솜60매),피부 하나는 진짜 깨끗한 편이었는데 이마에 갑자기 좁쌀여드름이 생기기 시작해서 자꾸 신경쓰여서 손데니까 점점 번져가더라구요 ㅠㅠ 넘나 속상.. 클렌징폼이랑 스킨로션 다 바꿔야할거같아서 폭풍 검색 끝에 아누아로 선택..! 아직 사용한지 일주일 밖에 안되서 다시 꿀피부를 찾기 위해 꾸준히 사용해봐야겠어요,1878
2,,3,,,2.5,0.7071067812,아누아 어성초 77 수딩토너 기획세트 (350ml+40ml+화장솜60매),"아누아는 다들 말 안해도 아시죠?;; 
 전 진짜 이거 광고가 너무 많이 떠서 걍..광고템인다보다 했는데 ㅋ.. 핵 좋아요 진정도 잘되고 그냥 좋아요 더 할 말이 없습니다ㅠ 지성이신분 건성이싱분 다 쓸 수 있는 템 스킨팩으로 써도 좋고 그냥 바르기만 해도 좋아요ㅠ 제발 다 사세요ㅠ",1879
1,,1,,,1,0,아누아 어성초 77 수딩토너 기획세트 (350ml+40ml+화장솜60매),"만족합니다
 물같은 제형이고 좋네요.!
 마음에듭니당~!",1880
1,,1,,,1,0,아누아 어성초 77 수딩토너 기획세트 (350ml+40ml+화장솜60매),매장에서 구매했다가 좋아서 또 주문해요 진정팩으로 좋고 잘 쓰고 있어요,1881
3,,2,,,2.5,0.7071067812,아누아 어성초 77 수딩토너 기획세트 (350ml+40ml+화장솜60매),"여드름. 뾰루지가 잘나는편인데, 순하고 가벼워서 잘쓰고있어요! 두통째 쓰고있는데 기초로 쓰기 딱 좋은것같아요. 향도 무향이라서 다른 제품들이랑 향이 썩이지 않아서 좋아요. 이번에 기획세트로 사서 여행용 사이즈가 같이 들어있는데, 휴가갈때 유용하게 쓸것같네요 ㅎㅎ",1882
3,,3,,,3,0,아누아 어성초 77 수딩토너 기획세트 (350ml+40ml+화장솜60매),좁쌀여드름 제품으로 유명해서 예전에 한통 샀을 때 이 제품 쓰고나서 좁쌀이 더 나는 것 같아서 쓰다 안 쓰가 했었는데 하도 페북이나 유튜브광고가 뜨길래 다시 한번 사봤는데 진정효과는 잘 모르겠고 다음 날 울긋불긋하고 예민해진 것 같아요... 저한테는 효과가 있는 것 같지는 않아요 아무래도 케바케인 것 같아요,1883
1,,1,,,1,0,아누아 어성초 77 수딩토너 기획세트 (350ml+40ml+화장솜60매),너무 좋아요 그냥 좋아요 왜 유명한지 알거같네용 여기에 정착할거같아요,1884
1,,1,,,1,0,아누아 어성초 77 수딩토너 기획세트 (350ml+40ml+화장솜60매),솜이랑 같이 들어잇어서 진짜 좋네요!!! 피부에 맞았으면 해요ㅠ,1885
1,,1,,,1,0,아누아 어성초 77 수딩토너 기획세트 (350ml+40ml+화장솜60매),"진정, 쿨링 둘 다 너무 좋아요
 피부가 진정되고 시원해지는게 느껴져요
 스킨팩하기도 좋아요",1886
1,,1,,,1,0,아누아 어성초 77 수딩토너 기획세트 (350ml+40ml+화장솜60매),아누아 잘쓰고 있는데 이렇게 할인해서 하나 더 쟁여둡니다!!!!,1887
1,,1,,,1,0,아누아 어성초 77 수딩토너 기획세트 (350ml+40ml+화장솜60매),진짜 좋아여 꾸준히 잘 쓰고있어요!!순하고 진정효과 짱짱,1888
1,,1,,,1,0,아누아 어성초 77 수딩토너 기획세트 (350ml+40ml+화장솜60매),"여드름진정에 좋다그래서 구매했습니다~~~
 세일해서 저렴하게구매했어요",1889
1,,1,,,1,0,아누아 어성초 77 수딩토너 기획세트 (350ml+40ml+화장솜60매),"트러블 계속나서
 바꿔봤습니다
 깔끔한 느낌이네요
 좋습니다",1890
2,,1,,,1.5,0.7071067812,아누아 어성초 77 수딩토너 기획세트 (350ml+40ml+화장솜60매),"초등6아들 여드름때문에 사서 쓰게 되었어요.
 붙힌후엔 진정이되서 그런가 좀 들어간거처럼 보이는데 아침에보면 다시 여드름이…그래도 안 쓰는ㄱㅓ보단 나을거 같아서 벌써 3통째 재주문하고 있어요..
 좋아질 날이 오겠죠 뭐~~~~~",1891
1,,1,,,1,0,아누아 어성초 77 수딩토너 기획세트 (350ml+40ml+화장솜60매),"순하고 좋아요!! 
 용량도 많고 화장솜으로 팩도 하면 거 잘 사용할 것 같아요~~",1892
1,,1,,,1,0,아누아 어성초 77 수딩토너 기획세트 (350ml+40ml+화장솜60매),한 번 사용해봤는데 별 문제 없이 (자극 없이 순해서) 다 써가서 세일하길래 바로 샀어요!,1893
1,,1,,,1,0,아누아 어성초 77 수딩토너 기획세트 (350ml+40ml+화장솜60매),한통다써서 재구매하나는데 행사해서 얼른샀어요 자극없이 산뜻하고 좋아요!,1894
1,,1,,,1,0,아누아 어성초 77 수딩토너 기획세트 (350ml+40ml+화장솜60매),좁쌀여드름이 많이 없어져서 가장 만족하고 있어요. 그리고 피부도 정말 많이좋아져서 다시 구매했습니다,1895
2,,2,,,2,0,아누아 어성초 77 수딩토너 기획세트 (350ml+40ml+화장솜60매),수부지고 좁쌀 여드름이 많이 나는데 이거 쓰고 많이 좋아졌어요 40ml 증정품 주셔서 좋네요,1896
1,,1,,,1,0,아누아 어성초 77 수딩토너 기획세트 (350ml+40ml+화장솜60매),배송온 후로 써보고있는데 흡수잘되고 가벼워서 씻고나와서 바르기 좋더라구요! 향은 딱히 없는거같아요,1897
1,,1,,,1,0,아누아 어성초 77 수딩토너 기획세트 (350ml+40ml+화장솜60매),화장솜까지 포함되어 잇어서 넘넘좋아요 순한느낌이에요~~,1898
1,,1,,,1,0,아누아 어성초 77 수딩토너 기획세트 (350ml+40ml+화장솜60매),아직 며칠 안써봐서 잘 모르겠지만 좁쌀에 좋다규 해서 사ㅗ밨어용,1899
1,,2,,,1.5,0.7071067812,아누아 어성초 77 수딩토너 기획세트 (350ml+40ml+화장솜60매),딸아이가 원래 쓰던 제품인데 끈적임이 없고 진정효과가 좋네요~,1900
1,,1,,,1,0,아누아 어성초 77 수딩토너 기획세트 (350ml+40ml+화장솜60매),자극없이 순해서 사용할때 정말 좋아요 아침에 많이 사용해요,1901
2,,2,,,2,0,아누아 어성초 77 수딩토너 기획세트 (350ml+40ml+화장솜60매),"처음써봅니다 피부가 굉장히예민해서 아무거나 못쓰는대
 진짜 스킨만써도 진정이되는느낌이들어 아주 만족합니다",1902
2,,2,,,2,0,아누아 어성초 77 수딩토너 기획세트 (350ml+40ml+화장솜60매),가볍고 촉촉해서 좋아요 여름에 복합성피부가 사용하기 좋아요,1903
2,,1,,,1.5,0.7071067812,아누아 어성초 77 수딩토너 기획세트 (350ml+40ml+화장솜60매),"두통째 사용중ㅇㅇ
 무난하게 쓰기 좋아요 무향 무자극이라 예민하신분들에게 좋아요",1904
1,,1,,,1,0,아누아 어성초 77 수딩토너 기획세트 (350ml+40ml+화장솜60매),좋은거 같아요 아직 오래쓰지는 않았지만 진정시켜주는거 같아요 괜찮아요,1905
1,,1,,,1,0,아누아 어성초 77 수딩토너 기획세트 (350ml+40ml+화장솜60매),좋아요. 샘플이랑 화장솜이 같이 있네요. 화장솜 부드러워서 좋아오,1906
1,,1,,,1,0,아누아 어성초 77 수딩토너 기획세트 (350ml+40ml+화장솜60매),좁쌀여드름에 좋다길래 써봤는데 막 엄청 좋다까지는 아니지만 새로나는 여드름은 감소하는 것 같아요,1907
1,,1,,,1,0,아누아 어성초 77 수딩토너 기획세트 (350ml+40ml+화장솜60매),너무 순하고 좋네요 바르고나면 피부가 부드러워지구 촉촉?한지는 아직은 잘 모르겠구 구매는 잘 한 것 같습다,1908
2,,1,,,1.5,0.7071067812,아누아 어성초 77 수딩토너 기획세트 (350ml+40ml+화장솜60매),자극없이 순하고 스킨팩하니까 좁쌀이랑 트러블 진정되네요,1909
1,,1,,,1,0,아누아 어성초 77 수딩토너 기획세트 (350ml+40ml+화장솜60매),같이 주는 솜으로 팩하니까 좋았어요! 처음 써봤는데 좋아서 앞으로도 계속 잘 쓸거 같아요,1910
2,,1,,,1.5,0.7071067812,아누아 어성초 77 수딩토너 기획세트 (350ml+40ml+화장솜60매),이거 진짜 좋아요 ㅋㅋ 너무 순한거같은데도 진정이 잘되고 좁쌀많이 가라앉앟어요,1911
2,,2,,,2,0,아누아 어성초 77 수딩토너 기획세트 (350ml+40ml+화장솜60매),보습감이 좋은건 아니지만 무난하게 쓰기 좋은것 같아요 사용후 트러블이 난다거나 하지 않았습니다,1912
1,,1,,,1,0,아누아 어성초 77 수딩토너 기획세트 (350ml+40ml+화장솜60매),3일째 쓰고 있는데 아직까지 큰 자극은 없고 순하고 좋아용 !!,1913
1,,1,,,1,0,아누아 어성초 77 수딩토너 기획세트 (350ml+40ml+화장솜60매),항상 쓰는거라 쟁여놉니다 ~ㅋㅋ 좋아요 사은품도줘서 더좋음,1914
1,,1,,,1,0,아누아 어성초 77 수딩토너 기획세트 (350ml+40ml+화장솜60매),"자극없이 순하고 진정에 효과적이에요!
 닦토로도 토너팩으로도 잘 사용하고 있어요 ㅎㅎ",1915
1,,1,,,1,0,아누아 어성초 77 수딩토너 기획세트 (350ml+40ml+화장솜60매),팩용으로 사용하고 있어요 너뮤 많은 시간 올려놓으면 오히려 더 건조할 수 있으니 피부타입에 따라 조절 잘 하셔야 해요~,1916
2,,1,,,1.5,0.7071067812,아누아 어성초 77 수딩토너 기획세트 (350ml+40ml+화장솜60매),같이 배송 오는 화장솜도 너무 좋고 산뜻하고 촉촉한 느낌이에요 용량도 많아서 오래 쓸 것 같아요,1917
2,,1,,,1.5,0.7071067812,아누아 어성초 77 수딩토너 기획세트 (350ml+40ml+화장솜60매),순하고 제품 구성 좋아서 만족합니다. 양도 넉넉한 것 같아요,1918
1,,1,,,1,0,아누아 어성초 77 수딩토너 기획세트 (350ml+40ml+화장솜60매),좁쌀에 어성초가 좋다고 해서 구매해서 사용해봤는데 저는 크게 좁쌀 진정에는 효과보지는 못했습니다,1919
1,,1,,,1,0,아누아 어성초 77 수딩토너 기획세트 (350ml+40ml+화장솜60매),기분탓인지 몰라도 좁쌀이 많이 진정되는 느낌이에요! 이제껏 쓴 기초 중엔 거의 탑인것같아요 만족만족!,1920
1,,1,,,1,0,아누아 어성초 77 수딩토너 기획세트 (350ml+40ml+화장솜60매),"잘 받았어요
 인터넷에서 좋다구해서 써보려고 주문했어요^^
 순해보이고 좋네요",1921
2,,1,,,1.5,0.7071067812,아누아 어성초 77 수딩토너 기획세트 (350ml+40ml+화장솜60매),너무순하고 향도 좋아요 앞으로 스킨은 이걸로 정착할듯합니다!!,1922
1,,2,,,1.5,0.7071067812,아누아 어성초 77 수딩토너 기획세트 (350ml+40ml+화장솜60매),볼쪽에 여드름이 많이 올라와서 걱정이었는데 세안하고 솜에적셔서 토너팩하니까 많이 진정됐습니다. 만족합니다.,1923
1,,1,,,1,0,아누아 어성초 77 수딩토너 기획세트 (350ml+40ml+화장솜60매),아직 안써봤지만 저레게 잘맞았으면 좋겠네요%~~ 기대가돼요,1924
1,,1,,,1,0,아누아 어성초 77 수딩토너 기획세트 (350ml+40ml+화장솜60매),"가볍게 사용하기 좋고 사용하면 산뜻한거 같아요
 트러블 올라올 때 좋아요",1925
1,,1,,,1,0,아누아 어성초 77 수딩토너 기획세트 (350ml+40ml+화장솜60매),"포장은 박스가 열어져서 와서 기분이 좀 그랬지만
 그래도 망가지지 않고 와서 만족합니다.",1926
1,,1,,,1,0,아누아 어성초 77 수딩토너 기획세트 (350ml+40ml+화장솜60매),기획으로 사서 너무 좋아요 유명하길래 써보고싶었는데 큰 장점은 모르겠고 굉장히 순한 상품같아요,1927
1,,1,,,1,0,아누아 어성초 77 수딩토너 기획세트 (350ml+40ml+화장솜60매),하도하도 입소문이 좋길래 얼마나 좋으면 그렇지 하고 속는 셈 치고 사용해봤는데 진짜 너어무 좋나요 정착할 예정입니다!,1928
2,,1,,,1.5,0.7071067812,아누아 어성초 77 수딩토너 기획세트 (350ml+40ml+화장솜60매),"아직 일주일도 안ㅆㅓ봐서 모르겠지만 , 아침에 스킨퍅 후 화장을 해주고 있는데 진정도 되고 속까지 촉촉하게 채워줘서 너무 좋더라구용",1929
2,,1,,,1.5,0.7071067812,아누아 어성초 77 수딩토너 기획세트 (350ml+40ml+화장솜60매),"어성초가 피부에 좋다는 말이 있어서 구매 했어요 !
 전에 한 번 사용 했었는데 딱히 나쁘지도 좋지도 않아서 다흔 제품으로 갈아탔는데 살짝의 자극이 느껴져서 다시 돌아왔습니다",1930
2,,1,,,1.5,0.7071067812,아누아 어성초 77 수딩토너 기획세트 (350ml+40ml+화장솜60매),"여름이라 좁쌀 여드름, 누르면 아픈 여드름 등등 트러블이 많이 나서 엄청 스트레스였는데 이거 쓰고 2주만에 바로 가라앉았어요!지금은 흉터관리중",1931
2,,2,,,2,0,아누아 어성초 77 수딩토너 기획세트 (350ml+40ml+화장솜60매),"일주일가량의 휴가 직후 갑자기 이마에 좁쌀들이...!!!
 진짜 충격 그자체로 좁쌀폭격...바러~좁쌀에 좋다는 후기보고 구매했어요
 제 피부는 복합성인데 잘 맞앗구요 사용한지 3일 정도 되니까 좀 가라 앉더라구요 아주 좋습니당",1932
2,,1,,,1.5,0.7071067812,아누아 어성초 77 수딩토너 기획세트 (350ml+40ml+화장솜60매),"약산성 제품을 찾고 있던 와중에 찾아낸 제품인데 
 성분도 순하고 진정도 잘되고 후기들이 좋길래 
 기대하며 구매해 봤어요 수부지타입인 제 피부에 잘 맞았으면 좋겠어요",1933
2,,1,,,1.5,0.7071067812,아누아 어성초 77 수딩토너 기획세트 (350ml+40ml+화장솜60매),피부가 워낙 예민한편이라 기초제품은 항상 정착해서 쓰지만 늘 사용하던 토너가 쓰다가 지겹기도하고 다른거한번 쓰고싶어져서 평상시 눈여겨보고있던 제품들중에 아누아 토너로 구매한건데 이거 정착템 될거같은데요??,1934
3,,2,,,2.5,0.7071067812,아누아 어성초 77 수딩토너 기획세트 (350ml+40ml+화장솜60매),"요새 어성초가 유행이라서 구매햤는데 
 저는 좋다고 하는 상품을 써봤지만 성인이 되서 잘안맞고 뭐가 나더라구요 이거는 촉촉햐지는건 아니지만 좁쌀여드름이나 여드름이 사라져요 뭐 안나기도 하고 너무 좋습니다",1935
2,,1,,,1.5,0.7071067812,아누아 어성초 77 수딩토너 기획세트 (350ml+40ml+화장솜60매),"생각보다 좋아요
 같이 온 증정도 좋고
 화장솜에 묻혀서 바르니 3일차인데도
 좋은느낌이 납니다.
 향도 강하지 않고
 피부 닦고난 후 끈적임없고
 좋은거같아요.",1936
2,,1,,,1.5,0.7071067812,아누아 어성초 77 수딩토너 기획세트 (350ml+40ml+화장솜60매),"몇통 째 쓰고있는건지 모르겠어요!!! 정말 순하고 좋아요 
 이 스킨 쓴 이후로 여드름이 진짜 가끔 나요 원래는 엄청 많았는데 그것도 다 없어지고 ㅠㅠ 인생템입니다",1937
2,,1,,,1.5,0.7071067812,아누아 어성초 77 수딩토너 기획세트 (350ml+40ml+화장솜60매),촉촉한데 진정도 엄청 잘 돼요!! 닦토로 쓰기 보다는 토너 팩이나 손으로 찹찹 먹여서 쓰는게 더 좋은 거 같고 써본 어성초 토너 중에 제일 맘에 들어요!,1938
2,,1,,,1.5,0.7071067812,아누아 어성초 77 수딩토너 기획세트 (350ml+40ml+화장솜60매),아누아 토너 4통째 쓰고 있는데 토너팩 해주면 너무 좋아요 피부가 뒤집어졌을때 꾸준히 팩해주고 사용하면 금세 가라앉아요,1939
1,,1,,,1,0,아누아 어성초 77 수딩토너 기획세트 (350ml+40ml+화장솜60매),"1년째사용하고있어요
 올영에서살수있어서좋어요
 이거때문인지는멀라도피부많이좋아짐 여드름피부에효과가있믄듯",1940
1,,1,,,1,0,아누아 어성초 77 수딩토너 기획세트 (350ml+40ml+화장솜60매),"증정으로 주신 화장솜으로 스킨팩을 저녁마다 했었는데
 자극도 안느껴지고 붉은기도 잡아주고 트러블도 가라앉는게 보여요",1941
2,,1,,,1.5,0.7071067812,아누아 어성초 77 수딩토너 기획세트 (350ml+40ml+화장솜60매),"재구매 했어요. 애초에 여러가지 리뷰 보고 구매했고 써봤더니 역시나 좋아요. 진정도 잘돼고 여드름에도 좋고, 보습도 좋습니다. 추천해요.",1942
1,,1,,,1,0,아누아 어성초 77 수딩토너 기획세트 (350ml+40ml+화장솜60매),여름철이라 피부가 뒤집어지고 자극없이 피부진정에 좋은 스킨팩을 찾는도중에 쓰게 되었는데 진심 너무너무 좋아요~~!!!강추,1943
1,,1,,,1,0,아누아 어성초 77 수딩토너 기획세트 (350ml+40ml+화장솜60매),여름이라 수부지에다가 좁살과 붉음증때문애 스트레스 받아서 사봤는데 좋네요 다음에는 대용량으로 사야겠어요,1944
1,,1,,,1,0,아누아 어성초 77 수딩토너 기획세트 (350ml+40ml+화장솜60매),아직은 쓰는 단계인데 이게 자극이 없다해서 샀는데 조금 따갑고 화한 느낌이 없지 않아 있어서 조금 더 지켜보려고해요. 근데 확실히 진정되는 느낌은 있어용.,1945
2,,1,,,1.5,0.7071067812,아누아 어성초 77 수딩토너 기획세트 (350ml+40ml+화장솜60매),"늘 재구매하는 제품이에요
 좁쌀에 진짜 효과 와방인 제품입니다..
 스킨팩해주고 몇번 흡토 해주면 피부가 진짜 촉촉하고 진정돼요!!!!!",1946
2,,1,,,1.5,0.7071067812,아누아 어성초 77 수딩토너 기획세트 (350ml+40ml+화장솜60매),스킨팩용으로 샀는데 이마에 한번씩 좁쌀 올라올 기미 생길때 집중적으로 해주면 가라앉음 순해서 자극없이 수분만 층전해주기 좋음,1947
1,,1,,,1,0,아누아 어성초 77 수딩토너 기획세트 (350ml+40ml+화장솜60매),아직 사용 전이지만 좋다는 평이 너무 많아서 구매해봐요. 사용후 다시 후기 올릴게요,1948
2,,1,,,1.5,0.7071067812,아누아 어성초 77 수딩토너 기획세트 (350ml+40ml+화장솜60매),"다른거 쓰다가 다시 돌아왔어요,, 진정에 좋은 것 같습니당",1949
2,,1,,,1.5,0.7071067812,아누아 어성초 77 수딩토너 기획세트 (350ml+40ml+화장솜60매),진정에 좋고 자극 없이 촉촉해요. 향도 나쁘지 않고 전반적으로 만족합니다.,1950
2,,1,,,1.5,0.7071067812,아누아 어성초 77 수딩토너 기획세트 (350ml+40ml+화장솜60매),"순해서 민감한 제피부에잘맞아요
 너무만족하면서 쓰고있어요",1951
2,,1,,,1.5,0.7071067812,아누아 어성초 77 수딩토너 기획세트 (350ml+40ml+화장솜60매),"사춘기아이 피부에 너무 잘 맞아요
 자극도 없고 좁쌀에 효과도 좋아요",1952
1,,1,,,1,0,아누아 어성초 77 수딩토너 기획세트 (350ml+40ml+화장솜60매),눈 주위에 닿을 때는 조금 따가운 감이 없진 않은데 닦토로 쓰기 나쁘지 않은 것 같아요,1953
1,,1,,,1,0,아누아 어성초 77 수딩토너 기획세트 (350ml+40ml+화장솜60매),원래도 사용중인데 할인중이라 미리 샀습니다. 민감한 피부인디 너무 잘맞아요 ㅎ,1954
2,,1,,,1.5,0.7071067812,아누아 어성초 77 수딩토너 기획세트 (350ml+40ml+화장솜60매),저는 이 토너만 쓰겠습니당!!!! 지금 2통째인데 좁쌀도 조금 들어간 것 같구 되게 순해서 좋은것 같아여,1955
2,,1,,,1.5,0.7071067812,아누아 어성초 77 수딩토너 기획세트 (350ml+40ml+화장솜60매),"늘 쓰던건데 안쓰다가 다시 쓰려고 샀어요 
 로션도 써볼까해요 진정 좁쌀에 짱인듯",1956
2,,1,,,1.5,0.7071067812,아누아 어성초 77 수딩토너 기획세트 (350ml+40ml+화장솜60매),유명해서 써볼려고 샀는데 순하고 향도 없어서 너무 좋아요 !,1957
1,,1,,,1,0,아누아 어성초 77 수딩토너 기획세트 (350ml+40ml+화장솜60매),같이 사은품으로 온 솜에서 살짝 냄새가 나는데 얇아서 쓰기 좋아요 토너도 만족합니당~,1958
1,,1,,,1,0,아누아 어성초 77 수딩토너 기획세트 (350ml+40ml+화장솜60매),추천 받아 사 봤는데 맘에 들고 좋아요 다음에도 또 구매할거예요,1959
1,,1,,,1,0,아누아 어성초 77 수딩토너 기획세트 (350ml+40ml+화장솜60매),좁쌀여드름에 확실히 좋은 거 같고 모공이 있는 편인데 모공도 조여주는 거 같아요,1960
1,,1,,,1,0,아누아 어성초 77 수딩토너 기획세트 (350ml+40ml+화장솜60매),평소에 잘 쓰던건데 저렴한 가격에 구매해서 좋아요 :) !!,1961
1,,1,,,1,0,아누아 어성초 77 수딩토너 기획세트 (350ml+40ml+화장솜60매),여름에 스킨케어 많이 안할때 바르기 순하고 스킨팩으로도 할수있어서 좋은것같아요,1962
1,,1,,,1,0,아누아 어성초 77 수딩토너 기획세트 (350ml+40ml+화장솜60매),"리뷰보고 나한테 해당된다...하고 샀네요
 속 땡김에 써볼려구요",1963
1,,1,,,1,0,아누아 어성초 77 수딩토너 기획세트 (350ml+40ml+화장솜60매),항상쓷ㄴ거라세일할때저렴하게잘사어여잘쓰겟습니당ㅁ,1964
1,,1,,,1,0,아누아 어성초 77 수딩토너 기획세트 (350ml+40ml+화장솜60매),친구가 사용하는 제품인데 순하고 좋다고 재구매 하더라구용ㅎ 저도 사용하는 토너 다 사용하면 구매해보려고 합니당,1965
1,,1,,,1,0,아누아 어성초 77 수딩토너 기획세트 (350ml+40ml+화장솜60매),"여드름, 좁쌀에 특히 좋다고 해서 세일할 때 샀는데 잘 맞는 것 같아요",1966
2,,2,,,2,0,아누아 어성초 77 수딩토너 기획세트 (350ml+40ml+화장솜60매),지극없이 순하고 저는 트러블이 올라와서 스킨팩처럼 사용해봤어요 어성초추출물이 있어서 그런지 믿고 구매했습니다,1967
1,,1,,,1,0,아누아 어성초 77 수딩토너 기획세트 (350ml+40ml+화장솜60매),유명한 제품이라 구매해봤는데 순하고 피부가 밝아지는 느낌이에요!,1968
2,,1,,,1.5,0.7071067812,아누아 어성초 77 수딩토너 기획세트 (350ml+40ml+화장솜60매),"여드름때문에 고민인 아들에게 주려고 샀어요~
 자극없이 순하고 좋아요",1969
1,,1,,,1,0,아누아 어성초 77 수딩토너 기획세트 (350ml+40ml+화장솜60매),어성초 토너로 워낙 유명해서 구매해보았어요! 기획세트 너무 좋아요!,1970
1,,1,,,1,0,아누아 어성초 77 수딩토너 기획세트 (350ml+40ml+화장솜60매),얼마써보지않아 효과는 엄청 보지못했지만 대용량!!좋다고 소문난 제품이어서 믿고 써보겠습니다,1971
2,,1,,,1.5,0.7071067812,아누아 어성초 77 수딩토너 기획세트 (350ml+40ml+화장솜60매),좋아요 재구매합니다. 가격도 만족하고 피부에 자극도 없어서 좋아요,1972
1,,1,,,1,0,아누아 어성초 77 수딩토너 기획세트 (350ml+40ml+화장솜60매),"쓰던 토너가 지겨워지려는찰나에 발견
 가볍게 쓰기 좋은거 같다",1973
1,,1,,,1,0,아누아 어성초 77 수딩토너 기획세트 (350ml+40ml+화장솜60매),얼른 좁쌀여드른이 없어졌으면 좋겠어요 ㅠㅠㅠㅠ 힝 얼른허,1974
2,,2,,,2,0,아누아 어성초 77 수딩토너 기획세트 (350ml+40ml+화장솜60매),순하게 진정시켜줘요 물같은데 완전 물은 아니고 토너팩하면 진짜 좋아용,1975
2,,1,,,1.5,0.7071067812,아누아 어성초 77 수딩토너 기획세트 (350ml+40ml+화장솜60매),피부 타입이 여러 가지가 섞여있는 타입인데 슨한 성분 덕분에 잘 쓰고 있습니다!,1976
2,,2,,,2,0,아누아 어성초 77 수딩토너 기획세트 (350ml+40ml+화장솜60매),"자극없이 순하고 좋습니다.
 여드름 피부에도 좋습니다. 자주 사용하게 될거 같아요",1977
1,,1,,,1,0,아누아 어성초 77 수딩토너 기획세트 (350ml+40ml+화장솜60매),"매우 좋아요 ! 
 순하고 좋네요 ! 
 촉촉해요 ! 
 자주 쓸 것 같아요 !",1978
1,,1,,,1,0,아누아 어성초 77 수딩토너 기획세트 (350ml+40ml+화장솜60매),작년부터 계속 사용하고 있는데 구성이 좋아서 올영에서 구매 했네요,1979
1,,1,,,1,0,아누아 어성초 77 수딩토너 기획세트 (350ml+40ml+화장솜60매),"스킨팩하기에 좋아요
 기획세트로 화장솜까지 구성되어잇어서 더 좋고 작은 사이즈 휴대하기에 딱 제격이에요",1980
1,,1,,,1,0,아누아 어성초 77 수딩토너 기획세트 (350ml+40ml+화장솜60매),좁쌀에 좋다고해서 샀어요 아직 초반이라 효과는 크게 아직 모르겠는데 좀 더 써볼게요~ㅎ,1981
2,,1,,,1.5,0.7071067812,아누아 어성초 77 수딩토너 기획세트 (350ml+40ml+화장솜60매),지금 두통째 쓰고 있어요. 피부가 민감해서 아무거나 사용 못하는데 한번 써보고 좋아서 완전 정착..,1982
2,,1,,,1.5,0.7071067812,아누아 어성초 77 수딩토너 기획세트 (350ml+40ml+화장솜60매),"일단 향도 좋고 자극없이 무난해서 자주 손이가요.
 어성초여서 순해요",1983
2,,1,,,1.5,0.7071067812,아누아 어성초 77 수딩토너 기획세트 (350ml+40ml+화장솜60매),한통 쓰고 나니 좁쌀여드름도 적어진거 같고 유수분도 잘 정리 되는거 같아서 한통 더 샀어요~굿~,1984
1,,1,,,1,0,아누아 어성초 77 수딩토너 기획세트 (350ml+40ml+화장솜60매),"좋아요 오늘드림으로 시켰는데 엄청 빨리 오네요
 테스터하니 좋아서 삽니다",1985
1,,1,,,1,0,아누아 어성초 77 수딩토너 기획세트 (350ml+40ml+화장솜60매),순하고 촉촉하고 여름에 쓰기 좋은 토너입니다! 추천해요!!,1986
1,,1,,,1,0,아누아 어성초 77 수딩토너 기획세트 (350ml+40ml+화장솜60매),스킨팩 하려고 샀는데 용량이 넉넉해서 맘에드네요!! 할인까지 해서 싸게 잘 샀어요~,1987
5,,5,,,5,0,아비브 어성초 카밍 토너 스킨부스터 더블 기획,"💟후기💟
 
 저는 아비브 찐팬이고 아비브 제품도 정말 여러가지 
 사용해봤는데 정말 그 중에서도 최고라고 할 수 있는 제품이
 바로 이 아비브 어성초 토너에요...🙉
 
 진짜 제가 써본 토너 중에서 가장 좋고, 아비브 제품 중에서도
 가장 호불호 없이 '극호'로 사용할 수 있는 제품이에요!!
 
 저는 여태까지 마녀공장 비피다 토너, 비욘드 아쿠아 토너, 
 닥터지 블랙스네일 에센스워터, 마몽드 로즈워터 토너 등 
 정말 다양하게 토너를 사용했었어요ㅎㅎ
 
 물론 이 중에서 마녀공장 토너를 제외하고는 다 무난하게
 잘 맞았지만, 딱 이거다 하는 제품은 없었거든요....
 (제가 기초유목민이라ㅠ😭)
 
 근데 정말 아비브 어성초 토너는 정말 딱 쓰자마자 ""이거다""
 싶었어요ㅋㅋㅋㅋ
 
  그냥 제형은 완전 물토너인데 엄청 보습이 좋아요...❣
 
 에센스 제형도 아니고 끈적임이 있는 제형이 전혀 아니라
 보습감에 크게 기대가 없었는데 엄청 촉촉해요...❤
 
 제가 완전 건성에 아토피까지 있는데
 정말 토너 하나만 발랐을 때도 얼굴 당김이 전혀 없어요🙉
 
 물론 저는 건성이라 토너로만 기초를 마무리 하지는 않지만
 토너를 바르고 나서 흡수시킬 때 얼굴 당김이 있었는데
 이거는 그 시간 동안 절대 건조하거나 당김이 없어요👍👍👍
 
 지성피부인 분들은 여름에는 이 토너 하나만으로도 
 기초 마무리해도 될 거 같더라구요ㅋㅋㅋ
 
 정말 촉촉함은 대박인데 바르고 나서 흡수되고 나서도
 끈적임이나 유분감이 없어요ㅋㅋㅋ
 
 제가 써본 토너 중에서 정말 제일 좋아요🙂🙂🙂
 
 제 쌍둥이 언니가 엄청 피부가 예민하고 아토피가 심해서
 대학병원 피부과를 다니는데 언니도 이거 사용해 보더니
 엄청 좋다고 자기도 토너 이 제품으로 갈아탄다고 했어요!!
 
 피부가 예민하다 보니까 웬만해서는 제품 잘 안 바꾸고
 제품 사용할 때도 엄청 까다롭게 고르는데 
 이 제품은 몇 번 사용하더니 바로 넘어왔어요👍
 
 그 만큼 순하고 자극없으면서 보습도 좋습니다🙉
 
 
 ▶️추천 ◀️
 
 추천하는 피부 타입은 건성, 지성, 복합성 다 좋을 거 같아요!!
 
 지성이신 분은 여름에는 이 토너 하나로 기초 마무리하셔도
 될 거 같구, 건성이신 분들은 사계절 내내 사용하시는 거 
 추천드려요!!!👍
 
 건성이신 분들은 크림 두껍게 바르는 거 싫으시면 
 이 제품으로 여러겹 레이어드 해서 토너 바르시면 
 좋을 거 같아요🙂
 
 
 ✔진짜 여러분 제가 기초는 추천 잘 안하는데
 이 제품은 저 믿고 사용하셔도 될 거 같아요!!!
 
 
 ✔제 리뷰가 도움이 되셨다면 👍 부탁드려요🙏
 ※ 해당 리뷰는 원칙적으로 기본 상품이 동일한 단품 사용 후 작성된 것이며,개별 상품에 따라 용량 내지 일부 구성(1+1, 기획상품 등)이 상이할 수 있음을 안내드립니다.",1988
4,,3,,,3.5,0.7071067812,아비브 어성초 카밍 토너 스킨부스터 더블 기획,"평소에도 얼굴에 열감 많아서 홍조도 있고 특히 운동 끝나고 열감이 금방 떨어지지 않아서 세안 후 진정용 흡토로 사용하려고 구입했습니다.
 아비브 어성초 마스크팩도 유명하고 어성초 토너도 너무 잘 써서 스킨 부스터도 기대됩니다.
 💚용기,용량
 가벼운 플라스틱에 디자인 컬라 너무 예쁨니다! 취향저격~♡
 210ml 대용량이라 넉넉하게 쓰기 좋겠습니다.
 💚향
 어성초 패드 보다 약하게 은은하게 납니다.
 💚제형 
 완전 워터리합니다. 가볍습니다.
 💚발림성,보습감 
 워터리해서 건조할것 같은데.. 바르기 쉽고 흡수도 잘되고 촉촉합니다!
 💚마무리감 
 진정 보습에 좋고 붉은 피부 완화되고 편안하고 촉촉합니다.
 💚추천피부,추천계절 
 자극이 느껴지지 않고 특별히 민감하지 않다면 모든 피부타입에 써도 괜찮겠습니다. 
 사계절 다 써도 좋지만 특히 여름에 추천합니다! 
 시원하게 냉장 보관해서 사용하면 정말 좋겠습니다!
 🖤총평
 제형이 완전 물같아서 먼저 닦토로 사용도하고 그다음 흡토로 사용했는데 흡토로 사용했을때가 더 만족스럽습니다.
 닦토로 사용할때는 화장솜이 금방 건조되서 닦다가 부족해서 더 부어서 닦아줬습니다. 
 흡토로 사용했더니 정말 촉촉합니다. 진정도 잘되고 보습도 좋습니다!
 냉장고에 넣고 시원하게 사용하고 싶습니다.
 ※ 해당 리뷰는 원칙적으로 기본 상품이 동일한 단품 사용 후 작성된 것이며,개별 상품에 따라 용량 내지 일부 구성(1+1, 기획상품 등)이 상이할 수 있음을 안내드립니다.
 진정과보습에 좋은흡토 홍조피부추천",1989
5,,4,,,4.5,0.7071067812,아비브 어성초 카밍 토너 스킨부스터 더블 기획,"💬 재구매 의사 200%
 💬 산뜻하고 청량한 사용감과 눈에 띄는 진정효과
 💬 부담스럽지 않은 점도의 쫀쫀한 스킨
 
 💖 앰플 대용으로 사용 가능한 스킨
 개인적으로 너무 진득한 제형은 좀 무거운 느낌이라 기피하는 편인데 아비브 스킨 부스터는 과하지도 모자라지도 않게 점도 있는 제형이 좋았어요, 토너용으로 닦아내도 깔끔하고 스킨팩으로 활용하기에도 좋았답니다. 두어번쯤 레이어링 해서 발라주면 굳이 따로 앰플 사용하지 않아도 되겠더라구요.
 
 💖 성난피부 진정에 최고👍(feat. 홍조관리)
 홍조로 고생하는 홍익인간 분들, 여드름으로 얼굴 붉고 화끈거리는 분들, 이리 오세요. 냉큼 오세요. 근래 써본 화장품 중 이만큼 진정 효과 뛰어난 스킨 못봤습니다. 
 
 모태 홍익인간인 저는 이맘때면 히터&실내외 온도차 때문에 피부가 엄청 예민해져서 평소에도 달고 살던 홍조 증세가 더 심해지는데요. 진짜 겪어보신 분들은 알거에요. 홍조의 고통!
 
 한번 얼굴에 열감 오르면 그날 메이크업은 아무리 두드려도 먹지도 않고 남들 눈 마주치기도 민망할 정도로 홍당무 되는 얼굴. 스트레스가 심해서 피부과 레이저 치료도 받아보고 별거 다 해봐도 개선이 잘 안 되더라구요. 피부과 선생님도 홍조는 치료가 잘 안 된다며 마음 비우라고 할 정도. 
 
 대신 일상 생활에서 수분공급 잘 해주고 고무팩이나 마스크팩 등으로 열감 케어하는게 최고라고. 그러니 홍조 때문에 스트레스 받지 마시고 위에 팁 플러스 아비브 어성초 라인 꾸준히 써보시길 강력 추천해요. 
 
 +) 얼굴이 특히 화끈거릴때는 고무팩 꼭 써주세요. 쿨링효과 있는 걸로 올려주면 제일 빨리 진정되요.
 
 💖 거부감 없는 향
 스킨에서 너무 화장품 냄새 나는것 싫어하는 분들도 많은데, 이 제품은 거의 무향에 가까운 은은한 풀 내음 같은 향취라서 거부감 없었어요.
 
 💖 건성이나 복합성에 강추
 점성있는 제형에다 보습력도 뛰어나서 지성보다는 건성이나 복합성 피부 가지신 분들이 더 잘 쓰실 것 같아요. 지성분들껜 살짝 무거울 수도 있어요.
 ※ 해당 리뷰는 원칙적으로 기본 상품이 동일한 단품 사용 후 작성된 것이며,개별 상품에 따라 용량 내지 일부 구성(1+1, 기획상품 등)이 상이할 수 있음을 안내드립니다.
 * 본 상품 후기는 올영체험단으로 선정되어 CJ올리브영으로부터 위 상품을 무료로 제공받아 작성한 것입니다.
 아비브 어성초카밍토너 홍조",1990
4,,3,,,3.5,0.7071067812,아비브 어성초 카밍 토너 스킨부스터 더블 기획,"🌱 아비브 어성초 진정라인 좋아하시는 분들!! 얼른 사용해보세요 :)
 🌱 수부지, 민감성인 분들이 잘 사용하실 토너입니다 🤍 
 🌱 물같이 흐르는 점성 없는 제형으로 닦토, 흡토 다 사용 가능합니다.
 
 평소 아비브 약산성 마스크팩을 너무 잘 쓰고 있어서 더블 에디션 나온 김에 토너도 바꿔봤어요!! 우선 넉넉한 용량이라 스킨팩으로 활용하기에도 부담이 적어서 가성비 합격👊 화장품 덜 먹는 1/2 화장솜과 사용하시면 더 좋아요. (두번째 사진 참고)
 
 아비브 어성초 제품이 저랑 잘 맞는건지, 저는 사용 후 트러블이 많이 진정되었어요! 어성초가 잘 맞는 피부를 갖고 계시다면 무난하게 사용 가능하실 것 같아요. 물처럼 가벼운 제형이다보니 여름철에 가볍고 답답하지않게 바르기 좋습니다!!
 
 저는 사용 후 속건조를 딱히 느끼지 못했어요! 만약 더욱 촉촉하게 사용하고 싶으시다면 스킨팩 후 흡토 2번 정도 해주시고 앰플, 크림으로 마무리해주시면 좋을 것 같아요🌷",1991
4,,3,,,3.5,0.7071067812,아비브 어성초 카밍 토너 스킨부스터 더블 기획,"아비브 신상 어성초 토너 체험하게 되어 너무 좋네요
 우선 택배로 받았을때 케이스며 상자며 심플해서 기분좋게 오픈했네요^ㅡ^*
 평소에 홍조땜에 어성초라인으로 기초사용하는데,
 아비브 어성초 토너 짱입니다👍🏻
 성분이 너무 착해서 데일리로 사용하기에도 부담없어서 좋은 것 같아요! 
 제형은 워터링한 제형이에요!
 제가 느꼈을땐 사용할때 쿨링감도 느껴졌어요!
 지성이라 꾸덕끈적 거리는 타입은 별로 안좋아하는데
 아비브 어성초 토너 부스터는 전혀 그런거 없이
 산뜻하고 가볍고 촉촉하게 마무리 됩니다! 👏🏻
 닦토로 딱이에요! 홍조이신분들은 솜으로 닦는게 안좋다하여 저는 분사하여 사용합니다(분사용기에 담아서사용)
 확실히 홍조 완화진정에는 효과가 있는거 같아요!
 ※ 해당 리뷰는 원칙적으로 기본 상품이 동일한 단품 사용 후 작성된 것이며,개별 상품에 따라 용량 내지 일부 구성(1+1, 기획상품 등)이 상이할 수 있음을 안내드립니다.
 * 본 상품 후기는 올영체험단으로 선정되어 CJ올리브영으로부터 위 상품을 무료로 제공받아 작성한 것입니다.
 닦토👍🏻 홍조타파👊🏻 피부진정케어",1992
3,,3,,,3,0,아비브 어성초 카밍 토너 스킨부스터 더블 기획,"우선 향은 어성초 향이 약하게 느껴지긴 하는데 거의 무향에 가까운 것 같구요, 제형은 완전 물스킨입니다!
 평소 아비브 껌딱지 팩이랑 세럼, 패드를 잘 써서 별 고민없이 구매해봤는데 건성인 저한테는 수분감이 약간 부족하네요ㅜ 유분기는 아예 없고 진정에 초점이 맞춰진 토너인 것 같아요
 닥토하거나 1/2토너에 적셔서 스킨팩 해주기에 좋더라구요 
 건성인 저는 3번정도 토너 레이어링 후에 세럼> 크림까지 발라줘요
 이렇게 쓰니까 양이 확확 줄어드는게 아쉽긴 하지만 ㅜㅜ 개인적으로는 가을겨울보단 여름에 딱 쓰기 좋을 것 같아요
 세일할때 구매했는데 세일 많이 한다면 재구매 의사가 있고 정가로는 재구매 의사는 없습니다!! 어성초 패드랑 같이 쓰기 조아요
 ※ 해당 리뷰는 원칙적으로 기본 상품이 동일한 단품 사용 후 작성된 것이며,개별 상품에 따라 용량 내지 일부 구성(1+1, 기획상품 등)이 상이할 수 있음을 안내드립니다.",1993
4,,3,,,3.5,0.7071067812,아비브 어성초 카밍 토너 스킨부스터 더블 기획,"▫️자극없는 토너를 원하신다면 어성초가 들어간 아비브를!
 
 ▫️세럼에 좋은 성분을 내피부에!
 원래부터 닥토를 즐기는 일인입니다
 쿠션감있는 화장솜에 스킨을 부어 피부결 정리해야 성분좋은 세럼이 잘 흡수되는 느낌이라서 토너를 구입중이예요
 
 ▫️대세는 패드지만!
 최근 패드가 대세라서 물론 사용중이지만 시루콧토 후키토리+ 토너 조합을 좋아해서 패드는 아침 화장용 -스킨 대용 또는 가볍게 진정팩용도로 사용하고 토너는 저녁용 - 메이크업 클렌징 2차 세안하고 토너+화장솜으로 피부결정리해요 부드럽게 닦아내면서 토너를 흡수시켜요
 
 아비브 토너
 ▫️제형
 거의 물에 가까울 정도로 수분감은 있지만 촉촉함이 느껴지지 않는 워터 토너 느낌에 제형이라고 느꼈어요
 ▫️산뜻함
 ➡️하지만 의외로 약간에 끈적임 비슷한 느낌은 손끝에 느껴져 내가 토너를 사용했음을 느끼게 해주는 정도에 산뜻함입니다
 ▫️준비단계용 토너
 토너로 드라마틱한 효과를 기대하지 않고 어성초에 좋은 성분으로 세럼을 받아 들이기 좋은 피부상태를 만들어 주기위한 준비단계정도로 생각하고 토너를 적용중입니다
 산뜻한느낌에 아비브 토너를 지금부터 사용하면 딱! 그래서 올영픽 !상품이였겠죠^-^
 
 🔹️추천
 ➡️촉촉함이 느껴지지 않고 유분기가 전혀없다고 느껴지는 워터 타입에 스킨이라서 민감한피부에 적절할것 같은 느낌이 팍팍들었어요 
 ➡️손으로 바르기 보다는 패딩할수있는 화장솜을 사용해 바르는걸 추천드려요 닦토+흡토
 ※ 해당 리뷰는 원칙적으로 기본 상품이 동일한 단품 사용 후 작성된 것이며,개별 상품에 따라 용량 내지 일부 구성(1+1, 기획상품 등)이 상이할 수 있음을 안내드립니다.",1994
3,,2,,,2.5,0.7071067812,아비브 어성초 카밍 토너 스킨부스터 더블 기획,"아 ~~ 비~~ 부~~우 제품은 먼가... 물을 쓰는 느낌인거 같아요
 
 🧡💙💜❤💛 그정도로!!! 깔끔하다는 말이겠죠?? 
 
 체형도 물이네요..... 패키지도 맑아요 💚💚💚
 
 아비브 팩이 너무 좋아서 토너로 사용하려고 주문했었는디..
 
 솜에 뭍혀서 더블 팩으로 사용을 하고 있네요 ㅎㅎㅎㅎ
 
 좋은 성분이란 성분을 다 모아논 제품 이라서 그런지.
 
 
 한달 🥰🤩🥰🤩 꾸준히 사용하시면 좁쌀 여드름은 사라집니다. !!! 대박력일수도 있겠지만은 
 
 다시 살까는 신.중.히. 고민중에 있는 제품 입니다.
 
 아무래도 팩을 사는게 낫지 않을까 ? 하는 의문이 생기기도 하는 제품이에요 ㅎㅎ 정말 물체형이라 보습력은 좋은데
 
 팩이랑 모가 다른지 모르게뗘요 ㅠㅠ 아쉬운 제품입니다.
 ※ 해당 리뷰는 원칙적으로 기본 상품이 동일한 단품 사용 후 작성된 것이며,개별 상품에 따라 용량 내지 일부 구성(1+1, 기획상품 등)이 상이할 수 있음을 안내드립니다.",1995
3,,4,,,3.5,0.7071067812,아비브 어성초 카밍 토너 스킨부스터 더블 기획,"아비브 어성초 약산성 팩, 어성초 에센스를 잘 사용했던 사람이라 어성초 토너도 구입해봤어요.
 굉장히 민감한 편이라 멏 년 전에 다른 브랜드 어성초를 사용한 적이 있었는데 다 뒤집어졌었거든요 ㅠㅠ
 하지만 아비브 어성초는 한 번도 그런 적 없이 잘 사용하는 중입니다!
 
 제가 사용해본 어성초 3가지 제품을 주관적인 느낌으로 비교해봤어요!
 ♡ 점도 (왼쪽이 가장 꾸덕함)
 어성초 팩 > 어성초 에센스 > 어성초 토너
 [하지만 절대 끈적거리지는 않아요!! 상대적인 비교예요]
 ♡ 쿨링 효과
 어성초 토너 >= 어성초 팩 > 어성초 에센스
 ♡ 진정 효과
 어성초 팩 > 어성초 토너 >= 어성초 에센스
 
 어성초 토너를 추천하는 대상은!
 1일 1팩은 부담스럽지만 어성초로 진정을 해주고 싶은 분들! 강추합니다!!
 사진처럼 부분적으로 심한 부분에만 스킨팩으로 활용해줄 수도 있어요!
 매일 스킨케어 단계에서 토너로 사용해주면 매일 조금씩 진정 케어가 가능해서 좋아요!
 물 토너지만 너무 물은 아니라서 닦토, n스킨법도 충분히 가능합니다.
 건성이신 분들은 토너 다음에 에센스나 앰플로 유수분을 충전해줄 수도 있지만, 개인적으로는 토너 자체에 쿨링 효과도 있으니 지금 계절보단 여름에 사용하시는 걸 더 추천드려요!
 ※ 해당 리뷰는 원칙적으로 기본 상품이 동일한 단품 사용 후 작성된 것이며,개별 상품에 따라 용량 내지 일부 구성(1+1, 기획상품 등)이 상이할 수 있음을 안내드립니다.",1996
4,,4,,,4,0,아비브 어성초 카밍 토너 스킨부스터 더블 기획,"올리브영에서 샘플로 받은 제품을 사용해보고 좋아서 본품으로 구매했어요.
 제 피부가 잡티는 없는데 약간 홍조기가 있는 피부이고 햇빛 알레르기가
 있어서 특히 여름철에 조금만 강한 자외선에 노출되면 바로 피부가 붉게
 부어오르면서 불타는 고구마로 변해요.
 그러다 보니까 여름철에는 선크림뿐만 아니라 기초 제품들도 진정되는
 제품들로만 주로 사용하는데 특히 토너 제품들은 제형이 가볍다 보니까
 아무래도 보습 및 수분 공급이 충분히 되지 않아서 사용 후 피부 당김을
 느끼는 경우가 종종 있었는데 일단, 이 제품은 그런 게 전혀 없어서 좋아요.
 뭐랄까? 진정도 되면서 보습 면에서도 만족시켜 준다고 해야 할까?
 물론 피부 타입이 건성이신 분들은 보습 면에서 부족하다고 느끼실 수
 있겠지만 중성 피부 타입인 저는 충분히 만족해요.
 게다가 향도 무향이라서 향에 민감하신 분들도 충분히 사용하기 좋아요.
 다만 어성초 성분이 알레르기를 유발할 수도 있는 성분이라서 반드시
 테스트를 해보고 구매하시는 게 좋아요.
 저도 어성초 팩은 알레르기가 생겨서 사용을 못 하는데 이 제품이랑
 스팟 패드는 괜찮더라고요.
 점성이 없는 가벼운 제형이라서 닦토나 스킨 팩으로 활용하기도 좋고
 산뜻한 느낌을 좋아하시는 분들에게도 잘 맞을 거 같아요.
 딱 지금 계절에 사용하기 좋은 제품이에요!!",1997
3,,2,,,2.5,0.7071067812,아비브 어성초 카밍 토너 스킨부스터 더블 기획,"아비브하면 어성초 팩이 제일 먼저 생각날 정도로 유명하잖아요! 마침 순하면서 진정효과가 있는 토너 찾다가 구매했습니다☺️
 
 개인적으로 이 토너로 엄청난 진정효과를 보지는 못한거 같아요! 약간 미미한 정도..?
 제형은 아주 묽은 액체형식인데 진정효과는 별로였지만 수분감은 잘 느꼈던 토너입니다💚
 지성 분들은 닦토용으로 사용해도 좋을 것 같고 
 지복합성은 닦토나 흡토, 건성분들는 2번정도 레이어링 해서 사용하면 좋을 것 같아요!!
 저는 건성+민감성이라 닦토보다는 2번 흡토해서 사용하니까 보습감이 느껴져서 좋았습니다🙌🏻
 
 향에 민감한 편인데 저는 어성초 향이 나쁘지 않았어요!
 다만 호불호는 있을 수 있는 향이라고 생각합니다
 ※ 해당 리뷰는 원칙적으로 기본 상품이 동일한 단품 사용 후 작성된 것이며,개별 상품에 따라 용량 내지 일부 구성(1+1, 기획상품 등)이 상이할 수 있음을 안내드립니다.
 어성초 토너 아비브토너",1998
3,,4,,,3.5,0.7071067812,아비브 어성초 카밍 토너 스킨부스터 더블 기획,"기존에 새로 산 토너가 너무 안 맞아서 급하게 세일하는 토너 아무거나 산 게 신의 한 수였습니다....너무 좋아요.....
 음....일단 진정 효과는 잘 모르겠으나
 (토너 단계 제품만으로 드라미틱한 진정효과를 바라는 게 무리일수도...??)
 이 토너는 정말 제가 딱 원하던 수분감이에요.
 제가 한 겨울에도 유분 폭발하는 파워 지성인데 그래도 토너 단계를 통해 기초적인 수분을 채워주지 않으면 속건조로 인한 트러블이 생기더라구요.
 근데 이 제품으로 양볼에 2방울씩 떨어트려서 2번 레이어드 해주면 저같은 지성피부에게 속보습 채워주고 겉도 촉촉한 딱 적당한 수분감입니다. 물처럼 흐르는 타입이라 끈적임 없는 것도 너무 좋고 건성이신 분들에게는 부족할 수 있는 수분감이지만 복합성까지는 딱 적당한 수분감이에요. 어차피 토너 단계 이후에 다들 앰플이나 보습제 바르니까요...??
 대용량 나오면 더더욱 좋겠지만 그래도 저는 계속 재구매 의사 있습니다!!
 복합성부터 지성까지 토너 한번 바꿔볼까?? 생각 하시고 계신 분들 한 번 써보시는 거 추천드려요!!
 ※ 해당 리뷰는 원칙적으로 기본 상품이 동일한 단품 사용 후 작성된 것이며,개별 상품에 따라 용량 내지 일부 구성(1+1, 기획상품 등)이 상이할 수 있음을 안내드립니다.",1999
3,,3,,,3,0,아비브 어성초 카밍 토너 스킨부스터 더블 기획,"산뜻함+진정 효과에 반해서 2번째 구매 중입니다💚💚
 
 궁금함에 한 번 구매해보고 너무 만족스러워서 이번 올영 행사로 쟁여템 하려고 2통째 구매 중이네요ㅋㅋㅋ 얼마전에 아비브 어성초 패드하고 클렌징폼, 마스크팩도 구매 했었는데 이정도면 어성초 찐팬 인증인가요..😊 
 
 좁쌀 여드름, 붉은기가 있는데 피부는 민감성이다 !!! 하는 분들께 완전 추천 드려요~~ 저도 민감성 피부여서 한방쪽 라인이라 유분 많은 기초를 사용하면 바로 트러블이 올라오더라구요. 그래서 항상 기초 제품 고를때 순한 타입이면서 너무 날리지 않는 그런 제품이 잘 맞고 좋았어요. 아비브 토너는 진정+붉은기 잡은 효과가 너무 좋았어요. 간혹 너무 순하기만한 타입 제품들은 피부에 좋은 효과가 나는건지 아닌지 잘 모르겠더라구요 ㅋㅋㅋ 내돈내산 템들인데 효과는 분명해야지 않겠어요?? 🤭 
 
 심한 건성인 분들께는 수분감이 부족하다 느끼 실 수 있을 것 같아요. 저는 복합성 피부에 티존 유존이 번들거림 심한 편이여서 모공을 깨끗해게 수렴해주는 어성초 토너 넘 만족💚
 ※ 해당 리뷰는 원칙적으로 기본 상품이 동일한 단품 사용 후 작성된 것이며,개별 상품에 따라 용량 내지 일부 구성(1+1, 기획상품 등)이 상이할 수 있음을 안내드립니다.
 어성초토너 닦토토너",2000
3,,3,,,3,0,아비브 어성초 카밍 토너 스킨부스터 더블 기획,"아비브 브랜드는 워낙 순하다고 유명하죠 이 토너에는 지리산 어성초 추출물이 함유되어 있어서 피부 진정에 많은 도움을 준다고해요 제 피부에 어성초가 맞는거같아서 구매를 해봤어요 향도 피부 좋아지는 향이랄까 기분이 너무 좋았어요 향이 좋으면 피부에 바를때 기분 좋은거 다들 아시죠 ㅎㅎ 쿨링감이 느껴지고 흡수가 진짜 빠르다고 느꼈어요 ! 끈적임도 없어서 저같이 지성피부이신 분들은 사용감 좋다고 느끼실거같아요 촉촉하지만 산뜻하게 마무리가 되서 건성분들은 한번 테스트해보고 구매해보시는걸 추천드려요 저는 이거 바르고 크림 하나 올려도 괜찮았어요 완전 추운 겨울에는 조금 건조할거같긴하네요 이거 쓰고 홍조끼가 사라진거같은 느낌도 들어서 만족하면서 계속 쓰고있는 중이랍니다
 ※ 해당 리뷰는 원칙적으로 기본 상품이 동일한 단품 사용 후 작성된 것이며,개별 상품에 따라 용량 내지 일부 구성(1+1, 기획상품 등)이 상이할 수 있음을 안내드립니다.",2001
3,,3,,,3,0,아비브 어성초 카밍 토너 스킨부스터 더블 기획,"아비브 어성초라인 유명한것답게 이 제품도 순하고 진정에 효과있는 제품이었어요!
 제형은 끈적한 콧물타입 토너보다는 물토너에 가까운 제형이에요:) 그래서 메이크업 전에 산뜻하게 사용하기 좋은것같고, 물타입 제형이긴 해도 바로 흡수되고 날라가는 느낌은 아니라서 여러번 레이어링해서 발라주면 촉촉함도 잡아줄 수 있어요~~
 제품의 전성분이 패키지에도 다 표기되어있어서 각자 피부에 안맞는 성분이 있는지 확인하고 구매할 수도 있고, 어성초 성분이 잘 맞으시는 분들이라면 자극없이 순하게 사용하기 좋을것 같아요!
 두세번 레이어링해서 토너 발라주면 제일 효과 좋은 것 같고, 피부가 건조한 날에는 화장솜에 듬뿍듬뿍 발라서 토너팩해도 좋아요!
 ※ 해당 리뷰는 원칙적으로 기본 상품이 동일한 단품 사용 후 작성된 것이며,개별 상품에 따라 용량 내지 일부 구성(1+1, 기획상품 등)이 상이할 수 있음을 안내드립니다.
 * 본 상품 후기는 올영체험단으로 선정되어 CJ올리브영으로부터 위 상품을 무료로 제공받아 작성한 것입니다.",2002
4,,4,,,4,0,아비브 어성초 카밍 토너 스킨부스터 더블 기획,"❣마스크로 민감해진 피부도 자극없이 사용가능한 토너❣
 아비브 하면 저는 어성초가 바로 생각나는데, 올영체험단으로 어성초 토너를 사용할 기회가 생겼습니다:) 저는 아비브 어성초 마스크팩을 워낙 잘 썼기 때문에, 기대가 됐어요! 제 피부타입은 건성, 민감성, 마스크 착용부분의 트러블 고민이 조금 있어요. 아비브 토너를 개봉하자마자 느낀 건 ""안심하고 쓸 수 있겠다!""였어요. 사진을 보시면 알 수 있듯, 용기 앞부분에 전성분이 나와있죠? 이만큼 아비브가 성분면에서 자신이 있음을 알 수 있었어요. 제형은 물처럼 흐르는 토너로 흡수가 매우 빠른 장점을 가지고 있어요.
 💝아비브 어성초 토너 이런 분들께 추천합니다💝
 👍민감성: 저자극 테스트 완료 제품이라, 트러블로 울긋불긋한 피부도 사용하기 좋아요. 그리고 피부 열감을 낮춰주는 효과가 있어 진정에도 좋아요!
 👍지성~복합성: 히알루론산이 함유되어 있어, 보습력이 있다고는 하지만 건성이 쓰기엔 부족한 느낌이에요. 건성피부인 저는 타사 노니토너 제품 정도는 건조함 없이 사용했는데, 어성초는 조금 보습감이 부족해서 토너 사용후 다음 단계를 바로 하지 않으면 좀 건조하더라구요! 그래도 지성~복합성분들까진 부족함 없이 사용 가능할 것 같아요.
 👍어성초 성분이 잘 맞으시는 분: 어성초가 정말 잘 맞으시는 분도 계시고, 안 맞는 분도 계시더라고요. 토너 가격이 저렴한 편이 아니라 샀는데, 안 맞으면 넘 아깝잖아요? 어성초 성분이 들어간 제품을 안 써보신 분은 상대적으로 저렴한 아비브 어성초 마스크팩 먼저 사용해 보시고, 잘 맞거나 진정에 효과가 있는 것 같다 싶으면 구매하시길 바랍니다!
 🥲아쉬운 점🥲
 토너 가격이 정가 23,000원이기 때문에 휘뚜루마뚜루 쓰기가 넘 아까워용.. 닦토하기도 좀 아까움..ㅎㅎ
 가성비 제품은 아니지만, 진정효과가 확실히 있어서 제 값을 해요. 제 맘속 어성초 원탑 브랜드는 아비브👍👍
 🌟어성초 토너 활용법🌟
 닦토하기엔 대용량도 아니고 가격이 좀 나가니 흡토 또는 스킨팩을 하는 걸 추천해요!
 ※ 해당 리뷰는 원칙적으로 기본 상품이 동일한 단품 사용 후 작성된 것이며,개별 상품에 따라 용량 내지 일부 구성(1+1, 기획상품 등)이 상이할 수 있음을 안내드립니다.
 * 본 상품 후기는 올영체험단으로 선정되어 CJ올리브영으로부터 위 상품을 무료로 제공받아 작성한 것입니다.",2003
4,,4,,,4,0,아비브 어성초 카밍 토너 스킨부스터 더블 기획,"워낙 저는 민감성이기도 하고 마스크를 항상 착용하다보니 조금만 방심해도 트러블이 올라와요..
 이번에도 잠깐 방심했더니 어김없이 볼과 턱에 올라와있길래 좋은 기회에 만나게 된 아비브 어성초카밍 토너를 사용하게 되었어요.
 
 *제형은 물제형이에요.
 워터토너인만큼 흡수력이 뛰어나요~ 흡토로 한번은 아쉬워서 2번씩 하게되요. 무엇보다 끈적임이 없어 수부지나 지성 피부에 적합해요!
 
 *향은 무향에 가까워요. 어성초 라인이라 은은하게라도 향이 나지않을까 했는데 거의 나지않아요~ 향에 민감하신분들은 부담없이 사용 하실 수 있을 것 같아요!
 
 새로생긴 트러블이 상처가 되어 가라앉지않아 토너가 닿으면 따가웠거든요.(시카라인 사용) 
 어성초카밍토너로 결정리 한다고 닦토 했는데 안따갑길래 흡토를 해봤더니 역시 안 따갑더라구요~ 
 그래서 스킨팩으로도 사용중입니다!
 확실히 저자극템이에요!!!
 스킨팩 덕분에 붉게 올라온 곳도 진정되서 조금씩 가라앉고 있어요~ 
 저자극 진정템이라 닦토, 흡토, 스킨팩으로 사용하기 좋은 제품이에요👍
  
 수부지, 지성 피부에는 잘맞는 제품이지 않을까 싶어요.번들거림과 끈적임 싫어하시는분들에게도 추천 하고싶어요!
 겨울에 히터 바람때문에 건조해지고 예민해진 피부에 사용하기 좋고 특히 여름에 다시한번 사용 해보고 싶어요.
 ※ 해당 리뷰는 원칙적으로 기본 상품이 동일한 단품 사용 후 작성된 것이며,개별 상품에 따라 용량 내지 일부 구성(1+1, 기획상품 등)이 상이할 수 있음을 안내드립니다.
 * 본 상품 후기는 올영체험단으로 선정되어 CJ올리브영으로부터 위 상품을 무료로 제공받아 작성한 것입니다.",2004
3,,3,,,3,0,아비브 어성초 카밍 토너 스킨부스터 더블 기획,"한동안 볼쪽이 빨갛게 올라와서 가볍고 순하게 바를 기초제품을 찾고 있었는데요! 마침 체험단에 어성초 토너가 있어서 더 내려보지도 않고 신청했어요 물론 나중에 확인하니 다른 어성초 토너도 있었지만, 아비브 어성초 마스크팩의 명성을 아는지라 위로를 했죠^^
  일단 제품 용기 디자인이 깔끔합니다 온 몸으로 자연을 뿜어내는 연두색..청량 그 자체!🌿🌱
  성분을 보니 지리산 어성초 추출물과 저분자 히알루론산이 함유 되어있더라구요! 좋은 점이 피부를 진정시켜주는 건 물론이고 각질이랑 피지도 관리해주면서 속건조를 잡아주는 보습력까지 갖추고 있어요👍 단, 이 제품의 제형이 완전 흐르는 물토너라서 악건성분들은 아마 기초로 쓰시기엔 건조하실 것 같아요💦 그렇지만 기초 스킨 단계에서 고보습 크림이나 수분앰플을 추가하신다면 나름 쓰시기도 괜찮겠어요! 저는 평소에 스킨류는 닦토나 손으로 직접 발랐는데, 이번엔 스킨팩을 적극적으로 활용해보았어요 ✨
 5겹 스킨솜에 스킨을 4번 부으니 쫙 스며듭니다. 이마 볼 코 인중에 올려 10분 하니 얼굴에 촉촉~하게 흡수되어 마지막으로 한번 목까지 닦아내면 ✨진짜로 얼굴이 좀 개운해지고 기분도 좋아짐♡ 
 피부 진정, 보습 스킨팩으로 활용하기 좋은 가벼운 물토너 ! 가격은 오특이나 세일할 때 구매하면 좋을 것 같아요✨
 ※ 해당 리뷰는 원칙적으로 기본 상품이 동일한 단품 사용 후 작성된 것이며,개별 상품에 따라 용량 내지 일부 구성(1+1, 기획상품 등)이 상이할 수 있음을 안내드립니다.
 * 본 상품 후기는 올영체험단으로 선정되어 CJ올리브영으로부터 위 상품을 무료로 제공받아 작성한 것입니다.",2005
4,,4,,,4,0,아비브 어성초 카밍 토너 스킨부스터 더블 기획,"클린뷰티 아비브! 저번에 토너패드 사서 썼었는데 그때 플라스틱 뚜껑이 2개 들어있는거 보고 조금 아쉬웠었어요.. 근데 이번에 배송온거보고는 클린뷰티 맞구나 느꼈습니다. 종이테이프에 옥수수충전제까지 환경을 생각하는 느낌이 들어서 맘에 들었어요.
 지금까지 아비브 팩, 어성초라인 에센스, 토너파드 쓰면서 제 피부에 잘 맞았고 이번기회에 토너도 사용해보았습니다. 일단 향은 무향은 아니지만 은은하게 나서 거슬리거나 거부감들지않는 타입이에요. 완전 물토너 제형이구요. 전 마침 토너패드를 다 썼던터라 화장솜에 적셔서 스킨팩처럼 사용해봤는데 어성초 성분이 들어가 있어서 피부진정에 도움이 되었어요. 최근 피부에 살짝 열감이 있었는데 그 부분도 조금 잡아주는거같았어요. 확실히 피부 진정에는 도움이 되지만 보습력이 뛰어나다는 느낌은 부족했어요. 건성피부보다는 지복합성 피부에 좋을거같고, 건성피부이신분들이 사용하시려면 다음단계인 에센스, 로션, 크림을 보습력 좋은 제품으로 사용하시는게 좋을거같아요! 원래 좋아하는 브랜드의 좋아하는 라인이라 다쓰고난 후 재구매의사 있습니다!
 ※ 해당 리뷰는 원칙적으로 기본 상품이 동일한 단품 사용 후 작성된 것이며,개별 상품에 따라 용량 내지 일부 구성(1+1, 기획상품 등)이 상이할 수 있음을 안내드립니다.
 * 본 상품 후기는 올영체험단으로 선정되어 CJ올리브영으로부터 위 상품을 무료로 제공받아 작성한 것입니다.",2006
3,,3,,,3,0,아비브 어성초 카밍 토너 스킨부스터 더블 기획,"건성피부에 어성초가 잘 맞는 피부타입인데 이번에 사용하던 스킨이 다 떨어져서 한번 사봤습니다.
 
 * 장점 *
 - 이벤트할때 사서 그런지 용량도 넉넉하고 좋습니다.
 ( 원 플러스 원 할때 샀습니다.)
 - 완전 물같은 제형이라 닦토하기 너무 좋아요!! 닥토하려고 산건데 토너통도 그냥 기우리면 내용물이 쑥 쑥 나와서 힘 안쓰고 편하게 사용할 수 있는것 같아요. ㅎㅎ
 - 어성초가 잘 맞는 피부타입에게는 자극없이 좋은 토너가 될 것 같아요!! ㅎㅎ
 
 
 * 단점 *
 - 포장박스 말고 토너 통에는 전부 다 영어로 써있어서 어르신들이나 영어를 잘 모르시는 분들은 이 토너의 성분이나 사용법 효능 등의 정보를 얻기 힘들어 할것 같습니다. ㅠ ㅠ 
 - 어성초가 안맞는 분들은 효과가 별로 안나타날수도 있으니 사기 전에 한번 테스트 해보고 사는걸 추천드려요 !",2007
4,,4,,,4,0,아비브 어성초 카밍 토너 스킨부스터 더블 기획,"✅내 피부타입
 중성에 가까운 수부지/ 트러블 / 민감성X
 
 ✔️제형
 완전 물 제형으로 저는 닦토말고 흡수시켜서 쓰고있어요
 
 ✔️장점
 진정효과가 꽤 좋아요 저는 트러블 올라올려고하거나 트러블 났을때는 무조건 이거 써요!! 물론 드라마틱하게 다음날 트러블이 쏙 들어가있고 그런건 아니지만 확실히 진정되어있어요
 아비브 어성초팩도 써봤는데 이 토너랑 진정정도는 비슷하다고 느꼈어요 드물게 피부 뒤집어 지는 사람은 아비브 어성초팩 사는걸 추천하고 저처럼 트러블 꾸준히 올라오는 사람은 토너로 꾸준히 진정시키는걸 추천해요
 
 ✔️단점
 쓰면서 단점은 못 느꼈어요
 
 ✔️재구매의사
 트러블 진정용도로 사서 만족하면서 잘쓰고 있기때문에 재구매의사O
 ※ 해당 리뷰는 원칙적으로 기본 상품이 동일한 단품 사용 후 작성된 것이며,개별 상품에 따라 용량 내지 일부 구성(1+1, 기획상품 등)이 상이할 수 있음을 안내드립니다.",2008
2,,2,,,2,0,아비브 어성초 카밍 토너 스킨부스터 더블 기획,"당첨되서 받아보고는 본품으로 내돈으로 직접 구매해버린 제품이에요! 샘플 받아보고 좋아서 구매한건 드문데 영업당해버렸어요 보통 피부과에서 일해서 피부과 화장품 위주로 사용하는데, 토너 제품은 잘 사용안해요 사실.. 효과가 미미하기도 하고 토너 대용으로 앰플을 사용하기때문에! 근데 이번에 당첨된 기회에 아비브 토너 제품 사용하게 되는 기회가 생겨서 전체적으로 에센스랑 쓰고 트러블이 순간 나왔었는데 진정되는 것 보고 며칠 사용해보고 나서 구매하게 됐어요!!ㅠㅠ 사실 사용하면서도 토너쪽은 효과 미미하다는 느낌인데, 그래도 진정으로 효과가 있어서 전 닦토로는 피부과용으로 대용량사용하고 요거는 흡수 시켜요!
 ※ 해당 리뷰는 원칙적으로 기본 상품이 동일한 단품 사용 후 작성된 것이며,개별 상품에 따라 용량 내지 일부 구성(1+1, 기획상품 등)이 상이할 수 있음을 안내드립니다.
 흡수용토너 트러블토너 진정토너",2009
3,,3,,,3,0,아비브 어성초 카밍 토너 스킨부스터 더블 기획,"🥕정말 좋은데 부스터기능은 바이오더마 하이드라비오 에센스 로션에 비해서는 떨어지는 듯 ㅠ
 
 바이오더마를 원래 쓰다가 이번에 어성초가 그렇게 좋다길래 써봤는데
 가볍게 세안 후 촵촵촵 발라주기 넘모 좋은 것 같아요 ㅎㅎ
 속당김은 없어지지만, 딱히 촉촉하다는 느낌도 없어 이 제품 바른 후에 다른 기초를 바르는 건 필수~!
 
 지리산 어성초추출물이 80% 이상 함유되어있어 피부진정에 좋다는데 전 원체 피부가 좋아서 막 효과를 크게 느끼지는 못했지만 확실히 나쁘진 않는 느낌이에요!
 
 네이버 스토어에 인테리어소품으로 좋다는 리뷰 보고 진짜 개웃겼는뎈ㅋㅋㅋ 피부에도 확실히 좋슴돠!
 
 특히 번들거리는 거 극혐하는 복합성이나 지성분들께 강추드려요!
 ※ 해당 리뷰는 원칙적으로 기본 상품이 동일한 단품 사용 후 작성된 것이며,개별 상품에 따라 용량 내지 일부 구성(1+1, 기획상품 등)이 상이할 수 있음을 안내드립니다.",2010
4,,3,,,3.5,0.7071067812,아비브 어성초 카밍 토너 스킨부스터 더블 기획,"아비브로 채워가는 저의 화장대... 🌿🌱🍃💚
 아비브의 모든 제품 너무 사랑하는 사람이지만 그중에서도 역시 베스트인 어성초 라인이 저의 최애입니다!
 마스크팩 두 종류는 물론이고, 클렌징 폼, 비누, 패드까지 다 사용해보고 드디어 토너까지 써보게 되었네요.
 사실 아비브 브랜드의 특징은 막 엄청난 효과! 미친 듯한 순함! 보다는 적당히 가볍고 순하면서 다양한 피부가 쓰기 좋고 패키지가 예뻐 기분이 좋은데요. 이에 아주 적합한 토너인 것 같아요. 
 어성초때문에 쿨링감이나 피지 정리가 돼서 닦토로도 좋고, 수분 진정용으로 흡토로도 좋아요. 물론 스킨팩으로도요!
 비슷한 아누아 제품도 써보았는데 큰 차이는 없지만 이게 더 어성초 함량이 높은 것 같습니다.
 ※ 해당 리뷰는 원칙적으로 기본 상품이 동일한 단품 사용 후 작성된 것이며,개별 상품에 따라 용량 내지 일부 구성(1+1, 기획상품 등)이 상이할 수 있음을 안내드립니다.",2011
4,,4,,,4,0,아비브 어성초 카밍 토너 스킨부스터 더블 기획,"끈적임 없이 산뜻하게 마무리되는 사용감이 최고🌿🌿
 
 요즘 어성초 성분 기초 제품을 애정하고 있는데요. 평소 아비브 어성초팩이 저한테 너무 잘 맞더라구요. 그래서 토너 제품도 궁금해서 구매했는데 역시나 진정효과가 대박인 제품 !!! 붉은기를 많이 잡아준다는 느낌이 들었고 모공 수렴에 효과가 좋았어요. 어성초 팬으로써 ㅋㅋㅋ 다양한 제품을 써보고 있는데요. 얼마전 아** 어성초 토너도 구매해서 사용하고 있는데 두제품 다 좋았고 제 피부에는 잘 맞았어요. 
 
 비교했을때 아비브 토너는 조금 더 워터 타입의 제형이라 닦토 하시는 분들은 아주 만족하실 것 같아요. 모든 피부 타입에 사용하실 수 있구요. 모공수렴+진정 효과가 좋은 제품이지만 수분감도 괜찮았구요 엄청 촉촉하다기 보다는 기분 좋은 산뜻함이 있는 토너 제품 입니다.
 ※ 해당 리뷰는 원칙적으로 기본 상품이 동일한 단품 사용 후 작성된 것이며,개별 상품에 따라 용량 내지 일부 구성(1+1, 기획상품 등)이 상이할 수 있음을 안내드립니다.
 어성초토너 산뜻토너",2012
3,,2,,,2.5,0.7071067812,아비브 어성초 카밍 토너 스킨부스터 더블 기획,"👉🏻제 최애 브랜드 아비브💛 마스크팩이나 에센스류는 애용하고 있으나 토너는 처음이에요. 최근 마스크 때문에 양볼이 푸석해지고 피부 자체가 안 좋아진게 느껴져서 어성초 성분이 함유된 토너를 찾았어요.
 
 ✔️어성초 성분 함유로 진정은 확실하게!
 가끔 피부가 안 좋아졌을 때에도 스킨팩처럼 활용하기 좋을 것 같더라구요. 또 워낙 믿고 쓰는 아비브 어성초 제품이라 더욱 고민없이 골랐던 것 같아요. 어성초 성분으로 진정도 되면서, 수분감도 잃지 않은 토너에요!
 
 ✔️멀티로 활용할 수 있는 토너!
 저는 닦토 후에 스킨팩으로도 집중 관리해주고 있어요!
 
 ✔️향이 없는 제품이라 호불호 걱정 없어요!
 
 ✔️끈적임없이 산뜻하게 흡수돼요!
 
 🔆지구와 나를 생각한 클린뷰티 브랜드인 아비브 제품을 여러분도 한번 사용해보세요 💛
 ※ 해당 리뷰는 원칙적으로 기본 상품이 동일한 단품 사용 후 작성된 것이며,개별 상품에 따라 용량 내지 일부 구성(1+1, 기획상품 등)이 상이할 수 있음을 안내드립니다.",2013
5,,5,,,5,0,아비브 어성초 카밍 토너 스킨부스터 더블 기획,"-올리브영 체험단 리뷰-
 (장점)
 1. 정말 가볍고 끈적임없는 제품입니다. 지성들이 사용하기에 아주 좋은 제품이에요. 저는 속건조타입이라 겨울철에 사용하기에는 무리가 있지만 한여름에는 가벼운 제품을 선호하거든요. 계절감을 타겠지만 여름에 정말 유용하게 쓸 수 있는 제품이에요.
 2. 각질제거에 도움이 됩니다. 당연히 하루이틀해봤자 소용없어요. 화장솜에 충분히 적셔서 꾸준히 닦아주면 주 1회 하던 필링을 굳이 할 필요가 없습니다.
 3. 진정에 도움이 됩니다. 여분의 화장솜에 적셔서 진정이 필요한곳에 올려주면 얼굴의 온도가 떨어지는 느낌이었어요. (붉은기를 가라앉혀줍니다)
 4. 무향에 가깝습니다! 향에 민감한 사람이라면 사용하기 너무 좋을것 같아요.
 (단점)
 1. 너무 빨리 없어지는것 같아요. 화장솜에 충분히 적시려고하면 용량이 확확주는게 눈에보여서 매우 신경쓰이더라구요 ㅠㅠ
 2. 건성과 속건조 피부타입인 분들께는 비추천이에요. 한여름에도 사용하시기에는 건조할것 같습니다.(저는 원래 산뜻하고 가벼운제품을 좋아하기때문에 속건조임에도 불구하고 사용할것같아요.저와 같은 성향이시라면 적극추천!!)
 3. 비싼 가격..? 좋은제품에다가 좋은 재료를 써서 비싼건 알지만 용량대비 가격이 조금 착하지 않지 않나라는 생각이 듭니다 ㅠㅠ
 (총평)
 => 아비브제품은 팩을 주로 사용해왔는데 항상 저와 잘 맞는다고 생각했어요. 토너가 나온줄 모르고 있다가 좋은 기회로 사용해볼 수 있어서 아주 좋았습니다. 제 피부타입에 지금의 추운계절에는 사용하기 무리가 있어요. 아마 겨울에는 진정팩을 대용해서 사용하지 않을까 싶습니다! 한여름에는 적극 추천입니다~!
 ※ 해당 리뷰는 원칙적으로 기본 상품이 동일한 단품 사용 후 작성된 것이며,개별 상품에 따라 용량 내지 일부 구성(1+1, 기획상품 등)이 상이할 수 있음을 안내드립니다.
 * 본 상품 후기는 올영체험단으로 선정되어 CJ올리브영으로부터 위 상품을 무료로 제공받아 작성한 것입니다.
 아비브 토너 토너팩",2014
3,,3,,,3,0,아비브 어성초 카밍 토너 스킨부스터 더블 기획,"❣️보습력 굳굳
 ❣️순한 토너
 ❣️진정효과 탁월
 
 저는 지성에다 여드름성 초예민 피부입니다. 피부가 예민한 편이라 화장품도 계속 쓰는것만 쓰는데 이건 예민한 저같은 피부에도 잘 맞았습니다. 
 
 딱 박스를 열고 이 토너를 만났을때, 용기에 이름 밑에 바로 영어로 성분이 다 표기가 되어있어서 신기했습니다. 얼마나 성분에 자신있으면 이렇게 대놓고 써놓았을까 첫만남부터 믿음직스러웠어요.
 
 피부 진정에 있어서 아비브 어성초스티커의 효과를 많이 봐서 이것도 그만큼 좋을까 기대했는데 기대 이상이었습니다! 이걸 쓰고 붉은기가 가라앉고 진정되는게 눈에 보여서 신기했습니다. 제 돈 주고 살 의향 200프로입니다.
 
 제가 지성이라 무거운게 싫어서 토너도 물제형을 정말 좋아하는데 이게 물 제형이라 아주 만족스러웠습니다. 번들거림없이 보습감을 채워줘서 좋았어요. 지성 뿐만 아니라 모든 피부에 적당한 토너에요.
 ※ 해당 리뷰는 원칙적으로 기본 상품이 동일한 단품 사용 후 작성된 것이며,개별 상품에 따라 용량 내지 일부 구성(1+1, 기획상품 등)이 상이할 수 있음을 안내드립니다.
 * 본 상품 후기는 올영체험단으로 선정되어 CJ올리브영으로부터 위 상품을 무료로 제공받아 작성한 것입니다.",2015
3,,3,,,3,0,아비브 어성초 카밍 토너 스킨부스터 더블 기획,"***묽은 제형, 순하고 오래가는 촉촉함, 생각만큼 가볍지만은 안았던 토너***
 
 아비브 패드, 마스크팩 등등 이미 많은 상품들을 써봤터라 익숙했지만 토너는 또 다른 느낌이었어요!
 
 제품 제형/ 무향에 가까운 물토너
 
 사용감/
 물 제형의 토너중에 흡수가 바로 되고 가볍게 마무리 되는 느낌이 대부분인데 아비브 토너는 뭐랄까... 막이 한 겹 씌이는 느낌이었어요. 그래서 그런지 보습감이 더 오-래 가는 느낌! 
 
 사용팁/
 패드 없이 손으로 톡톡 후 감싸안아 스며들게 사용하면 마치 정유미처럼 맑은 피부의 주인이 될 것 같은 편안함이 느껴짐!!
 
 그리고 저는 부드러운 화장솜을 휴대용 패드통에 넣고 토너를 흠뻑적셔 가져다니며 마스크를 쓰다 건조해서 댕기는 곳에 잠깐 올려두었다 닦고 크림 & 메이크업을 하는데,
 진짜 건조함이 금방 사라져 좋았습니다!
 
 특별한 특징이 있거나 한 그런 제품은 아니지만 
 즉 기본에 충실하고 순한 제품이었습니다! 
 
 리치한 기능성 제품을 사용하다 다시 한 번 돌아와 피부를 쉬게 해주고 싶을 때 다시 구매 하고 싶어요👏🏻☺️
 ※ 해당 리뷰는 원칙적으로 기본 상품이 동일한 단품 사용 후 작성된 것이며,개별 상품에 따라 용량 내지 일부 구성(1+1, 기획상품 등)이 상이할 수 있음을 안내드립니다.
 * 본 상품 후기는 올영체험단으로 선정되어 CJ올리브영으로부터 위 상품을 무료로 제공받아 작성한 것입니다.",2016
2,,2,,,2,0,아비브 어성초 카밍 토너 스킨부스터 더블 기획,"토너 패드를 아주 잘 쓰고 있기에 대용량 스킨토너가 있는걸 보고 바로 체험단 신청를 해보게 되었는데 먼저 세안 후 첫 단계 닦아쓰는 토너로도 사용해 보았는데 지리산 어성초 추출물이 들어가 진정케어에 탁월해 손에 스킨 툭툭 덜어 두세번 덧바르면 촉촉하게 속건조를 잘 잡아주는 워터 토너라 특히 요즘은 날씨가 추웠다 따듯했다 미세먼지까지 가득한 날이 반복이라 예민해지는 피부에 좀 더 집중해서 사용중이예요~ 천연해열제 성분도 함유되어 있어서 살짝 쿨랑감도 느껴지는데 사계절 모두 사용하기 좋을거 같아요~ 특히 미세먼지로 가득한 날에 마스크까지 종일 하고 있으니 그런날엔 스킨팩으로도 사용하는데 쿨랑감에 열도 내리고 붉은 피부도 진정되고 간단하게 사용하기 좋아요 :-)
 ※ 해당 리뷰는 원칙적으로 기본 상품이 동일한 단품 사용 후 작성된 것이며,개별 상품에 따라 용량 내지 일부 구성(1+1, 기획상품 등)이 상이할 수 있음을 안내드립니다.
 * 본 상품 후기는 올영체험단으로 선정되어 CJ올리브영으로부터 위 상품을 무료로 제공받아 작성한 것입니다.",2017
5,,3,,,4,1.414213562,아비브 어성초 카밍 토너 스킨부스터 더블 기획,"피부가 뒤집어져서(간지러움,따가움,결 안 좋아짐,두드러기마냥 피부가 부은게 보임) 원래 쓰던 스킨케어 제품들이 하나도 안 맞는 거 같아서 이리저리 찾아보다 워낙 아비브 어성초 제품이 잘 맞아서 스킨도 바꿔봤어요
 제형은 물토너이고 마무리감에 앰플 바른듯한 끈적임 아닌 쨥쨥?이 느껴져요! 에잇 뭐야 끈적이나보네 하실 수도 있지만 절대 끈적임 아니고 유분? 때문인 거 같아요 이게 없었으면 건조했을 거 같아요 그리고 흡수력도 좋아요 쨥쨥 느껴지고 좀 지나보면 이미 다 흡수되고 안 느껴져요!
 아직 이틀차라 큰 효과는 없지만 뭘 발라도, 가짓수를 줄여도 점점 더 안 좋아지고 있던 피부가 나빠지지 않고 조금 가라앉은게 보여요!
 냉장고에 안 넣어놨는데도 바르는 즉시 쿨링감 느껴지고 얼굴에 열감이 많은데 진정 되는게 느껴져요
 스킨팩 안 맞는데도 이미 망가진 피부 여기서 뭘 어쩌겠냐 싶은 마음에 해봤는데 평소처럼 안 맞지 않았다는 아니지만 훨씬 나았어요
 3스킨정도 해주었더니 건조한 상태는 벗어나지더라구요 건성분들은 후 기초케어 촉촉하게 해주셔야 될 거 같아요
 ※ 해당 리뷰는 원칙적으로 기본 상품이 동일한 단품 사용 후 작성된 것이며,개별 상품에 따라 용량 내지 일부 구성(1+1, 기획상품 등)이 상이할 수 있음을 안내드립니다.",2018
3,,3,,,3,0,아비브 어성초 카밍 토너 스킨부스터 더블 기획,"환경을 생각하는 패키지 📦 
 테잎도 종이 테잎으로 하시고 충전제도 옥수수로 만든거고👍
 
 케이스가 어떻게 보면 싸보이는데 ㅋㅋ
 또 어떻게 보면 굉장히 상큼합니다 
 화장대에서 요 제품을 보면 상큼하니 기분이 업돼요
 
 물스킨제형으로 화장솜에 묻혀 얼굴을 닦아 내는데요 
 좀 충분히 솜을 적시고 양쪽 볼에 붙이고 있다가 떼니까 
 촉촉하니 진정보습 되는 느낌으로 확실히 좋았어요 
 
 저는 지복합성 피부인데
 이 제품이 정말 딱 좋아요 ㅎㅎ
 
 물론 계절이 건조한 계절이다보니 
 다른 제품들도 단계별로 다 챙겨 바르는 스타일입니다 
 
 다른분 리뷰보니 좀 부족하다고 생각하시는 분들도 있는 것 같은데, 요 제품은 스킨이니까 결 정돈하고 다른 단계 꼼꼼히 바르면 좋을 것 같아요 
 
 아비브 뭔가 심플한 광고 보면서 제품 써보고 싶다고 생각했는데 좋은 기회에 제품도 써보고
 만족해서 더 좋네요 ㅎㅎ
 ※ 해당 리뷰는 원칙적으로 기본 상품이 동일한 단품 사용 후 작성된 것이며,개별 상품에 따라 용량 내지 일부 구성(1+1, 기획상품 등)이 상이할 수 있음을 안내드립니다.
 * 본 상품 후기는 올영체험단으로 선정되어 CJ올리브영으로부터 위 상품을 무료로 제공받아 작성한 것입니다.",2019
2,,,,,2,#DIV/0!,아비브 어성초 카밍 토너 스킨부스터 더블 기획,"아비브 팩으로 입문해서 최근에는 패드 팩까지 완전 대만족하면서 써본 사람입니다 ! 이제 저나 제 주변 사람들도 진정하면 아비브가 떠오를 만큼 제품력으로는 밀리지 않는 브랜드로 자리한 것 같아요 ! 사실 제품 리뷰이 앞서 아비브라는 브랜드가 가진 이미지에 대한 이야기를 먼저 해볼게요!
 
 최근 다른 리뷰를 보니 어성초 패드팩 본품에 플라스틱을 과하게 낭비한 점을 많은 사람들이 지적했더라고요! 저또한 그 부분에서는 제품력을 다 떠나 아비브라는 브랜드의 이미지에 조금 타격이 있었던 것 같아요. 이제는 제품력 뒤의 환경 문제에 대해서 유심히 보는 소비자가 많으니요! 근데 이번에 포장되어 온 제품 보니 충전재 옥수수 전분으로 온 것 정말 인상적이었습니다! 
 
 본 제품은 민감성 수부지인 제가 사용하기에 부담없는 촉촉하지만 점성이 낮은 딱 무난!!!! 파워 무난!! 한 느낌의 토너였어요. 저는 아비브 패드팩이 있어서 따로 이 제품으로 토너팩을 할 생각은 안해봤지만, 결론적으로 이 토너의 특징은 피부에 아주 작은 자극조차도 없다는 게 가장 큰 강점인 것 같아요!! 
 
 남들 다 좋다는 거 써봐도 나는 뒤집어진 적 있는 분들이 세일할 때 시도해보기에 매우 매우 괜찮아보입니다! 건성도 한겨울 아니면 괜칞아보여요! 수부지및 지성은 아묻따 추천이고요! 진짜 다른 거 다 제치고🌱 진정 🌿하나로 밀고 가는 브랜드라는 게 느껴집니다.
 ※ 해당 리뷰는 원칙적으로 기본 상품이 동일한 단품 사용 후 작성된 것이며,개별 상품에 따라 용량 내지 일부 구성(1+1, 기획상품 등)이 상이할 수 있음을 안내드립니다.
 * 본 상품 후기는 올영체험단으로 선정되어 CJ올리브영으로부터 위 상품을 무료로 제공받아 작성한 것입니다.",2020
2,,3,,,2.5,0.7071067812,아비브 어성초 카밍 토너 스킨부스터 더블 기획,"요즘 마스크때문에 그런지ㅠㅠ 트러블이 괜찮아질만 하면 올라오고 피부관리 조금만 소홀하면 트러블이 올라오려는 기미가 있더라구요 .. 어성초가 진정에도 좋고 트러블에 도움이 되는거 같아서 아비브 어성초껌딱지 마스크도 저한테 잘 맞았고, 어성초 라인이 저한테 잘 맞는거 같아서 아비브토너 구매해봤어요! 요즘은 트러블 올라올거 같을때 화장솜에 듬뿍 적셔서 스킨팩 해주고 있어요! 스킨팩만 해줘도 진정이 되는거 같고 수분도 좀 채워주는 느낌이에요~ 양도 넉넉 하니 많고해서 매일 닦토 해줘도 될거 같고, 근데 닦토만 해주기엔 어성초 성분이 아까운거 같아서 저는 스킨팩을 자주 해주고 수분충전을 해줘요~ 향은 어성초 향인데 그렇게 진하지 않고 은은해서 향은 거슬리는거 없었고, 점성도 없는 말그대로 그냥 물같은 흐르는 제형의 스킨토너 입니다~
 ※ 해당 리뷰는 원칙적으로 기본 상품이 동일한 단품 사용 후 작성된 것이며,개별 상품에 따라 용량 내지 일부 구성(1+1, 기획상품 등)이 상이할 수 있음을 안내드립니다.",2021
2,,3,,,2.5,0.7071067812,아비브 어성초 카밍 토너 스킨부스터 더블 기획,"계속되는 폭염에 본투비 땀쟁이인 저는 이마에 뭐가 많이 올라오더라구요 ㅠㅜ 몸에서 나는 땀도 땀이지만 얼굴땀도 엄청나서 열감+땀으로 인해 급 이마 트러블+ 인중 트러블 (인중 여드름은 진짜 아픈거 아시져..) 여튼 이렇겐 안되겠다 싶어서 아비브 어성처 스킨 사봤어요! 어성초 패드도 나름 잘 사용하긴 했는데 이상하게 패드는 약간 아프다고 해야하나? 거즈면으로 안했는데도 조금 아프더라구요 그리고 얇아서 닦토하기에는 ㅠㅠ 여튼 아비브 어성초 라인 유명한건 두말하면 입아파요 ㅜㅠ! 처음 사용이지만 아비브 어성초라서 믿고 1&1 제품 구매했는데 괜찮네요 ㅎㅎ 좋아요
 가을까지 잘 사용할 것 같아요!!
 그리고 더랩바이블랑두 토너패드랑 이토너랑 같이 사용중인데 둘 다 진정 효과가 있는거라 그런지 같이 사용하기에 괜찮아요",2022
3,,4,,,3.5,0.7071067812,아비브 어성초 카밍 토너 스킨부스터 더블 기획,"📌진정토너
 📌지복합성/여드름피부 추천
 📌에센스처럼! 또는 토너 팩으로!
 
 보통 각질관리를 위해 토너 제품을 산 성분이 있는 제품으로 닥토를 해주는 편인데, 마스크를 쓰고 기온이 올라가면서 피부가 예민해진게 느껴져서 구매했어요. 
 
 저는 저녁 세안 후에는 각질제거 패드를 사용하고 아침시간에만 어성초 토너를 사용해봤는데, 일단 붉은기 진정에는 도움이 많이됩니다. 
 
 복합성피부로, 부분적으로 트러블이 있어 울긋불긋한데 확실히 진정되고, 잠을 많이 못잔날에는 우루우루 화장솜에 적셔 토너팩으로 올려준 뒤 메이트업을 올리면 들뜸없이 베이스가 착 밀착되더라구요. 참고로 토너팩으로 사용하지 않을때는 미스트 공용기에 넣어 뿌려주고 두드려서 흡수시켜줘요🙂
 
 속당김도 많이 줄어들고 대체로 만족합니다👍🏻
 ※ 해당 리뷰는 원칙적으로 기본 상품이 동일한 단품 사용 후 작성된 것이며,개별 상품에 따라 용량 내지 일부 구성(1+1, 기획상품 등)이 상이할 수 있음을 안내드립니다.",2023
3,,2,,,2.5,0.7071067812,아비브 어성초 카밍 토너 스킨부스터 더블 기획,"토너 다 써서 뭐살까 하다가 아비브 어성초라인 워낙 유명하고 베스트셀러라 고민하다가 샀어요! 토너는 사실 무난한 제품이 워낙 많아서 닦토용이니 기대없이 구매했는데 생각보다 두 괜찮아요!!엄청 순하네요 진짜 자극이1도 없어요 진짜! 딴건몰라도 자극 없는건 ㅇㅈ 왜냐ㅛㄴ 제가 진짜 핵핵민감성피부라 조금만 자극받아도 바로 붉어지고 난리나고 ㅈ창나는 피부인데 괜찮네요,,순하고 물같고 화장품 냄새도 거의 안나고 좋은것같아요.,진짜 지루성피부염같은 피부질환있ㄴ는분들이써도 쌉가능일것같아요 그난큼 숞ㅐ서 진짜 좋아요 알콜성분도 안들어이ㅛ는것같음 화한게업ㅅ
 ※ 해당 리뷰는 원칙적으로 기본 상품이 동일한 단품 사용 후 작성된 것이며,개별 상품에 따라 용량 내지 일부 구성(1+1, 기획상품 등)이 상이할 수 있음을 안내드립니다.",2024
2,,3,,,2.5,0.7071067812,아비브 어성초 카밍 토너 스킨부스터 더블 기획,"제 피부타입은 수부지입니다‼️
 
 💚좋은 점
 1. 흡수가 잘된다
 제가 끈적이는 토너나 크림 종류를 정말 싫어하거든요. 그런데 이거는 체형이 물스킨이라 끈적이지 않고 흡수가 잘돼요.
 2. 어성초
 어성초 토너라서 그런지 피부 진정에 좋은 것 같아요. 자극이 느껴지지 않아서 모든 피부타입에 맞을 것 같고 순해요.
 3. 향
 향이 거의 무향에 가까워요. 어성초향이 딱히 느껴지지 않아서 무난하게 사용 가능 할 것 같아요.
 
 💚아쉬운 점
 1. 뚜껑
 저는 펌프나 뚜껑을 위로 열어서 사용하는 그런 걸 개인적으로 좋아해서 이거는 돌려서 사용하는 거라 좀 아쉬웠어요.
 
 그리고는 딱히 아쉬운 점은 없었어요.
 ※ 해당 리뷰는 원칙적으로 기본 상품이 동일한 단품 사용 후 작성된 것이며,개별 상품에 따라 용량 내지 일부 구성(1+1, 기획상품 등)이 상이할 수 있음을 안내드립니다.",2025
4,,4,,,4,0,아비브 어성초 카밍 토너 스킨부스터 더블 기획,"우선 저는 데일리로 쓸 수 있고 무겁지 않은 물토너로 닦토도 가능하고 스킨팩으로도 쓸 만한 제품을 찾고있었고, 
 꼼꼼하게 찾아보다가 아비브 어성초 토너로 골랐어요! 
 (토너패드도 고민했는데 전 닦토용으로도 쓰고 밤이나 얼굴 좀 건조할 때는 “흡토”로도 자주 관리하는 편이라서 토너로 골랐습니당)
 
 ✅자극: 정말 자극 없이 순해요! 어성초에 민감하게 반응하시는 분들 아니시라면 다들 저자극에 진정효과있는 물너로 쓰시기 좋을 제품이에요
 
 ✅진정효과: 전 복합성에 피지가 많은 피부라서 피지관리를 자주 해주는 편이고, 호르몬 주기에 따라서 뾰루지도 종종 올라오는 피부입니당! 
 
 그러다보니 집에서 셀프 피지관리나 압출을 할 때가 꽤 있어서 진정효과가 제일 중요한데 정말 딱입니다!
 
 피지제거나 뾰루지 짜고나서 스킨팩으로 해주면 진정이 금방 되더라구요!! 토너로 이정도 효과라고?! 하면서 평소에도 아침 저녁으로 닦토 흡토 해주고있는데 더 대박인 건 뾰루지가 잘 안나요..! 
 이 부분이 대박 ㅠㅠ 그래서 이번엔 호르몬 주기때도 뾰루지 거의 안나고 깨끗한 상태로 지나갔답니당ㅠㅠ 
 더 오래 써봐야 효과를 더 잘알겠지만 전 이미 한통 더 사려고 마음먹었네욤ㅎㅎ이제 1/3 썼는데..(근데 정말 안아끼고 듬뿍듬뿍 쓰고있어요)
 
 ✅무색,무취: 색도 거~의 없고 약간의 초록(?)빛이라고 해야하나 근데 거의 없어요! 향도 전 일부러 맡아봐도 안났어요!
 
 정말 모든 피부 타입이 써도 만족할 토너일 것 같아요!
 닦토 흡토 스킨팩으로 활용해서 모두들 꿀피부되세요😊
 ※ 해당 리뷰는 원칙적으로 기본 상품이 동일한 단품 사용 후 작성된 것이며,개별 상품에 따라 용량 내지 일부 구성(1+1, 기획상품 등)이 상이할 수 있음을 안내드립니다.",2026
3,,3,,,3,0,아비브 어성초 카밍 토너 스킨부스터 더블 기획,"❤️아비브 정말 최고❤️
 아비브 껌딱지 팩으로 아비브에 입덕하고, 모든 기초제품을 아비브로 쓰고 있는 사람입니당 ㅎㅎ
 
 ✅ 피부 타입: 수부지
 
 ✅ 장점 및 활용법
 1) 아비브 어성초 패드로 닦토해준 다음에 스킨부스터로 챱토해주면 진정 쿨링효과 최고랍니다!
 2) 스킨케어 1단계를 아비브 어성초 패드와 스킨부스터로 해주셨다면 어성초 에센스로 수분감까지 보충해주세용! 그럼 피부 열감이 더욱 낮아져서 쿨링감도 느낄 수 있고 얼굴 붉은기도 완화되어용!
 3) 화장이 아주 잘먹습니다! 그래서 데일리 필수 스킨케어템이에용!
 4) 마스크로 인한 피부 트러블이나 생리로 인해 얼굴에 뾰루지 올라왔을 때 진정시켜주기 좋은 제품이에용!
 5) 챱토를 두번이상해주면 수분감을 더욱 느끼실 수 있답니당!
 
 ✅ 아쉬운 점
 1) 할인을 더 많이 자주해주세용...💖ㅎㅎㅎ
 
 진짜 아비브 넘 좋아용🐬💚 최고 최고👍🏻!!!
 ※ 해당 리뷰는 원칙적으로 기본 상품이 동일한 단품 사용 후 작성된 것이며,개별 상품에 따라 용량 내지 일부 구성(1+1, 기획상품 등)이 상이할 수 있음을 안내드립니다.",2027
2,,3,,,2.5,0.7071067812,아비브 어성초 카밍 토너 스킨부스터 더블 기획,"올영체험단으로 약 2주간 열심히 사용했습니다.
 저는 수분이 많이 부족한 민감성 피부입니당~ 그래서 평소에 기초화장품에 관심이 많아 여러제품들 많이 사용해봤는데 재구매의사 있어요:) 제 피부에 맞는 제품을 찾는게 생각보다 어려운데 피부에 잘맞고 진정효과가 있어요!
 먼저 제형은 완전 물같은 제형이에요! 저는 닦토하는 편이라 처음 사용할때 닦토로 써봤는데 너무 물같은 제형이라 제 피부에는 닦아낼때 자극이 되더라고요ㅠㅠ 그래서 그냥 바르는 용나 화장솜팩용으로 사용중이에요! 근데 매우 만족중입니다!
 특히 요즘 밖에 있을 일이 많았는데 마스크때문에 피부가 따갑고 뭐가 막 올라왔는데 진정용으로 좋더라고요! 평소에 쓰던 제품보다 자극이 덜 했고 진정되는 느낌을 받았습니다! 요즘 이 제품으로 3토너하고 평소 쓰는 세럼 생략하고 다음 단계로 넘어갑니다~! 
 아비브마스크도 잘사용했는데 이 제품도 좋네요><
 ※ 해당 리뷰는 원칙적으로 기본 상품이 동일한 단품 사용 후 작성된 것이며,개별 상품에 따라 용량 내지 일부 구성(1+1, 기획상품 등)이 상이할 수 있음을 안내드립니다.
 * 본 상품 후기는 올영체험단으로 선정되어 CJ올리브영으로부터 위 상품을 무료로 제공받아 작성한 것입니다.",2028
2,,2,,,2,0,아비브 어성초 카밍 토너 스킨부스터 더블 기획,"♥️ 향
 처음에 열었을 때는 약간 자연의 향? 이 느껴져서 아 뭔가 건강해지는 느낌이다? 라는 생각이 들었어요! 심하게 나는건 아니라서 향에 민감하신 분들도 사용할 수 있을 것 같아요.
 
 ♥️ 진정효과
 어성초 제품이 진정효과가 있는 것처럼 이것도 진정효과가 있어요! 얼굴이 좀 예민하다고 느끼는 날에도 이거 쓰면 확실히 얼굴이 진정되는 느낌이 있더라구요
 
 ♥️ 닦토, 부분팩으로 굳
 저는 보통 화장솜에 묻혀서 쓰고, 가끔은 1/2화장솜에다가 듬뿍 적셔서 부분팩? 으로 사용했는데 전 부분팩으로 사용하기 너무 좋더라구요!
 
 😞 가격
 확실히 가격대가 조금 있어서 듬뿍듬뿍 사용할 때 눈에서 눈물이 나더라구요 ...^^ 부분팩할 때 1/2화장솜 사용하는 이유도 그래서 랍니다,,!
 
 전체적으로 만족스러운 제품이었습니다! 이번에는 올영체험단에 당첨되어 받은 상품이지만 다음번에 제가 직접 구매해서 사용할 의사 있습니다! 
 진정효과가 필요하거나 민감하신 분들, 건성분들 강추 드려요💕
 ※ 해당 리뷰는 원칙적으로 기본 상품이 동일한 단품 사용 후 작성된 것이며,개별 상품에 따라 용량 내지 일부 구성(1+1, 기획상품 등)이 상이할 수 있음을 안내드립니다.
 * 본 상품 후기는 올영체험단으로 선정되어 CJ올리브영으로부터 위 상품을 무료로 제공받아 작성한 것입니다.",2029
3,,3,,,3,0,아비브 어성초 카밍 토너 스킨부스터 더블 기획,"👍🏻 진짜 역대급 스킨...! 👍🏻 
 이거는 내가 써본 스킨 중 다섯손가락안에 드는 제품 ..! 
 아비브는 사실 너무 좋아하는 브랜드라 기대를 정말 많이 하고 썼어요..! 근데,,,,,,,,, 진짜 너무 좋아요 🤍
 
 -( 흡수력 ) 내 피부는 건성같은 복합성인데 스킨만 바르면 살짝 당기나..? 하는 느낌이 들지만 그 속에서도 스킨이 전체로 다 흡수된 느낌이 들고, 속이 꽉 찬 느낌이 들어요!! 
 그리고 흡수도 빨리 돼요 ㅠㅠ !! 🤍
 -( 제형 ) 끈적거리지 않고 물처럼 흐르는 제형이에요
 -( 순해요!! 🖤 )전에 쓰던제품은 눈에 들어가면 따가웠는데 ㅠ .. 이건 눈에 들어가도 하나도 안아프고 ㅠㅠ 🖤 순해요!! 
 -진정에도 좋은 스킨이지만 저에겐 보습에도 좋은거 같아용!! 🤍
 -( 향 ) 무슨 향이 난담니까 ..? 저는 스킨쓰면서 향이 난다던가? 할 정도로 크게 신경쓰이지 않았어요! 
 
 저같이 건성, 복합성이신 분 들이 쓰시면 잘 맞을거 같아요 ㅎㅎ 
 진짜 재구매력 뿜뿜 올라오는 제품이네용 ,, ㅠ 🤍 다들 쓰세여,,,!!!! 🤍🤍
 ※ 해당 리뷰는 원칙적으로 기본 상품이 동일한 단품 사용 후 작성된 것이며,개별 상품에 따라 용량 내지 일부 구성(1+1, 기획상품 등)이 상이할 수 있음을 안내드립니다.
 * 본 상품 후기는 올영체험단으로 선정되어 CJ올리브영으로부터 위 상품을 무료로 제공받아 작성한 것입니다.",2030
3,,3,,,3,0,아비브 어성초 카밍 토너 스킨부스터 더블 기획,"평소 아비브 제품에 관심이 많았어요. 그 이유는 저자극,순한 제품으로 알려져있고 뭔가 산뜻한 느낌이 드는 제품이였어요. 개인적으로 최애 배우가 광고하는 제품이라 더 믿음이 갔구여~
 
 그러다가 우연히 올영체험단을 체험했고 이 제품이 딱 ! 있어서 너무 좋았어요~~~
 
 아비브 어성초 스킨은 성분부터 착하고 용량도 착합니다.
 
 민감하고 예민한 피부에도 무해하고 향도 순해서 부담없이 사용할 수있어요.
 
 물론 어성초 스킨이라 피부를 진정시켜주는 효과까지 있어요 ㅎㅎ
 
 제 피부는 좁쌀 트러블이 가끔 올라오곤 하는데 그럴때 사용하면 조금 가라앉는 효과를 볼수있었어요 ㅎ 
 
 민감한 피부, 건성 또는 복합성 피부를 위한 기초제품으로 딱인것같아요!! 
 
 추천 합니다 ㅎ
 ※ 해당 리뷰는 원칙적으로 기본 상품이 동일한 단품 사용 후 작성된 것이며,개별 상품에 따라 용량 내지 일부 구성(1+1, 기획상품 등)이 상이할 수 있음을 안내드립니다.
 * 본 상품 후기는 올영체험단으로 선정되어 CJ올리브영으로부터 위 상품을 무료로 제공받아 작성한 것입니다.",2031
3,,3,,,3,0,아비브 어성초 카밍 토너 스킨부스터 더블 기획,"일단 향이 없어서 너무 좋아요. 제형은 아주 일반적인 물토너에요! 닦토 찹토 둘다 해봤는데 닦토만 하면 정말 닦아내는 기분만 들어서 수분감을 채워준다는 느낌은 받지 못했어요. 그런데 닦토하니깐 먼지가 조금 묻어나와서 깔끔해진 기분이었답니다!! 저는 닦토 한번 하고 찹토로 얼굴 두들겨주는 걸 추천드려요!! 가끔은 스킨팩하는 용도로도 씁니다! 스킨팩하면 붉은기가 사라지고 진정되는 느낌이에요!
 저는 좋았던게 제품이 엄청 순해요!! 트러블이 막 사라진다 이런건 아닌데 제가원래 어성초가 잘맞아서 그런지 더이상 트러블이 나지 않았어요!! 그냥 무난한 스킨같아요! 저는 독도토너도 잘 맞아서 그거랑 번갈아서 쓸것 같네요~
 그리고 아비브 브랜드가 친환경적인 느낌이 강해서 더 좋아요!!
 ※ 해당 리뷰는 원칙적으로 기본 상품이 동일한 단품 사용 후 작성된 것이며,개별 상품에 따라 용량 내지 일부 구성(1+1, 기획상품 등)이 상이할 수 있음을 안내드립니다.
 * 본 상품 후기는 올영체험단으로 선정되어 CJ올리브영으로부터 위 상품을 무료로 제공받아 작성한 것입니다.",2032